-- phpMyAdmin SQL Dump
-- version 5.0.3
-- https://www.phpmyadmin.net/
--
-- Servidor: localhost
-- Tiempo de generación: 26-04-2021 a las 00:16:33
-- Versión del servidor: 10.4.14-MariaDB
-- Versión de PHP: 7.2.34

SET SQL_MODE = "NO_AUTO_VALUE_ON_ZERO";
START TRANSACTION;
SET time_zone = "+00:00";


/*!40101 SET @OLD_CHARACTER_SET_CLIENT=@@CHARACTER_SET_CLIENT */;
/*!40101 SET @OLD_CHARACTER_SET_RESULTS=@@CHARACTER_SET_RESULTS */;
/*!40101 SET @OLD_COLLATION_CONNECTION=@@COLLATION_CONNECTION */;
/*!40101 SET NAMES utf8mb4 */;

--
-- Base de datos: `springboot`
--

-- --------------------------------------------------------

--
-- Estructura de tabla para la tabla `AVISO`
--

CREATE TABLE `AVISO` (
  `ID_AVISO` int(11) NOT NULL COMMENT 'ID Unico de Aviso',
  `ID_USUARIO_FK` int(11) NOT NULL COMMENT 'Id Usuario FK',
  `FEC_CREACION_AVISO` date NOT NULL COMMENT 'Fecha creación aviso',
  `FEC_LIMITE_AVISO` date NOT NULL COMMENT 'Fecha limite aviso',
  `DES_TAREA` varchar(60) NOT NULL,
  `IND_LEIDO` tinyint(1) NOT NULL,
  `DIR_ENLACE_PROCESO` varchar(50) NOT NULL,
  `COD_FREC_REPETICION_FK` int(11) NOT NULL
) ENGINE=InnoDB DEFAULT CHARSET=utf8mb4;

--
-- Volcado de datos para la tabla `AVISO`
--

INSERT INTO `AVISO` (`ID_AVISO`, `ID_USUARIO_FK`, `FEC_CREACION_AVISO`, `FEC_LIMITE_AVISO`, `DES_TAREA`, `IND_LEIDO`, `DIR_ENLACE_PROCESO`, `COD_FREC_REPETICION_FK`) VALUES
(1, 7, '2020-08-01', '2020-12-31', 'Lamzar emails empleados', 0, 'dfdf', 2),
(2, 7, '2020-08-01', '2020-12-31', 'Lanzar proceso fin de mes', 0, '', 3);

-- --------------------------------------------------------

--
-- Estructura de tabla para la tabla `CLIENTE`
--

CREATE TABLE `CLIENTE` (
  `ID_CLIENTE` int(11) NOT NULL,
  `NOMBRE` varchar(30) NOT NULL,
  `APELLIDOS` varchar(40) NOT NULL,
  `FEC_NACIMIENTO` date DEFAULT NULL,
  `DNI` varchar(14) NOT NULL,
  `DIRECCION` varchar(50) NOT NULL,
  `PAIS` varchar(35) NOT NULL,
  `ID_TPO_CLIENTE_FK` int(11) NOT NULL,
  `DIR_EMAIL` varchar(35) NOT NULL,
  `TELEFONO` varchar(14) NOT NULL,
  `FEC_ALTA_CLIENTE` date DEFAULT NULL COMMENT 'Fecha de alta del cliente en la aplicación',
  `IMG_FOTO_PERSONA` blob DEFAULT NULL COMMENT 'Guarda la foto de un cliente'
) ENGINE=InnoDB DEFAULT CHARSET=utf8mb4;

--
-- Volcado de datos para la tabla `CLIENTE`
--

INSERT INTO `CLIENTE` (`ID_CLIENTE`, `NOMBRE`, `APELLIDOS`, `FEC_NACIMIENTO`, `DNI`, `DIRECCION`, `PAIS`, `ID_TPO_CLIENTE_FK`, `DIR_EMAIL`, `TELEFONO`, `FEC_ALTA_CLIENTE`, `IMG_FOTO_PERSONA`) VALUES
(1, 'Pedro', 'Perez Martinez', '2010-09-01', '1925222', 'Lopez de Hoyos, 32, 3º A', 'España', 1, 'dire@movistar.com', '4343244234', '2020-10-01', 0xffd8ffe000104a46494600010200006400640000ffdb004300020101010201020202020302020203040302020304040303040303040504050505050405050607070706050909090909090c0c0c0c0c0c0c0c0c0c0c0c0c0c0cffdb004301020202040404080505080c0908090c0e0e0e0e0e0e0e0c0c0c0c0c0e0e0c0c0c0c0c0c0e0c0c0c0c0c0c0c0c0c0c0c0c0c0c0c0c0c0c0c0c0c0c0c0c0c0c0c0cffc200110800e601ad03011100021101031101ffc4001d00010002030101010100000000000000000006070405080903020affda0008010100000000f7f2875f06b3271b66000e66ba37db3d66cdacd9eb36600073e7387a24d16f5e663d33aa68cc697e8edfa5b66af3b0272071966f6041a8c5c1416cf2a4dd0c000d6f817e807a0d4fd0761f4cc7d2000002befacf000000f8d516dfe831be39e000000000000391647d2fa2a5acd8c59bb3000e20b16d897c1b27598b6b650000c7e6ab5ec68cc674574f0d4dfaba0d4fe55872693000706724faff00f482d67bd742e50000d4f99516f5d20d1888747800000000000ae30ad40ac567000000000006bf4f280e04fc77f41abc62cc32ab2b0f7b5e43fab00e74855e926a7f2a1f7e52dbd6f26154e36f1acdedd208cf0fedbbc20d18af3a8e81fcf4068b58c6d63272a0b275980710427a82e2d16b319a29862ecf47b3d664eb32b7930045fcddb63bca33ac4e40000000000000e7bb7e4a000073de9efedf00000144dec0e0f8bfa314654139e990003cd6dc7697db9e58bd47c6d95b3e8fb0c003e7e5df6d5dd4fc1a8cf43299935800000718e07637d36641a7200018144cb2d90000000000000039e77b74eb3272b59b36b3660055fcd3dcc1ac367acd9b59b30029696cf03866cfe97a7ea0b5ab2dec3f1bb4800f3eb9a7d75c5a32337056519985995e41a4d10ec8de8038a669d45cf3a2887694132a62000072eea7a1e6200000523634a0357b400001f88dc9c0000000f187897fa788362eb32acc00053dc79e926b345acdec677919d9b67300011aa2f7d7dc1a7279c3e6e7f48306af32767700003c4ca4fdabb5ea9d658706d9c664d8b27b300068bcbc83fb3119930000000000000053189790000181575c000000349999e1e52e2fac959c3f5974c980014bf2efa151987c3ecd82ef6bcdee4c9d0f936cec300e27b76fbaa673bd797fb7f4a633a24c366000f21a9af5dadeaf7276719d9e36f35995a2d9e56ce4c01c2b71f43c6779940000000000000349f290000015ff003ef610000008d24a1c870eeeda32b3d674cd6554cc2fc9800389f9fbd5589d1919bf60b06d6463b0272000f37661de54fae079fb1bf498567264980070a7327aaf2f20c9c80003cd092fa143ffc4001c0101000202030100000000000000000000000607040502030801ffda0008010210000000556b50000000000034719b083c86f5e00001e56c7f58800001c68cb1e5c1af6c0000088fd96800001f3172c0000000000000000000345ddb1ee000000000000223a1b1fb4000000000000000000006b5b200000000000014070f41000012fce8d69c00000b2617aa0aab8dae000058597138f0000016043f5e0000000000000053b656e0000088ebe6b92000005636703c6536f4b80001585819e0000071f16fa22cc087e4c9c0000d1efb88000018d596f6720000000000000000000303452c0000011ad96cc0000018d109c0000008367ca800000000000069b6390000000000000000000035f09b180000023b220000003b7a80000020b3a0000000000000023dd32700001f3e8000000148f4de800006040acc00000118dce7055fcace000024389858c000006836f900000000000000070e3da00006b62d3b000000023e9000001ae8558ff0000008267cb020dd33f00002c697d2b88000004072e663ffc4001c0101000203010101000000000000000000000506030407010208ffda000801031000000074b73400000000000bd744e021faa1f95c0000ea1f3cc400000cdfb83f3ff190de688000131f312000007d4ec0f800000000000000000002f51d0ba0000000000000762e8df99b40000000000000000000005915b0000000000001dd3de14000056b567a4400000a25aa442dfed3c0000a6a7a5000000a7d9f6400000000000000b8d6f480000b0ed56f00000016aaa83b3c4f2e00002f1cb66800000f7b8f35ab84e6189000026607280000196d3a1000000000000000000000242c74c000001ab9330000003727ea800000343ef7000000000000060cbf40000007be0000000000000dcb4d280000034f70000000c790000003437c00000000000000d4f9dd00003dfbc6000000042a680000dbb6520000005dab71a113eca800018a721fd000001e7a0000000000000079e7d000012768a200000001acd9000026ed1cefd000003061dd0d0f99100002a301d2328000011df7bc3fffc40029100002020202000602030101010000000004050306010200071314152030401016111250250835ffda0008010100010502e3db4151108ad054a47e443079e2965d74d4b307822f98cb59fbcc81bc472934c1c70f93983c72fe36307c19c80c1e497e7ec0b9eea53d73b3ed0c2d1f85cc84285fc38ff9ccd3ff00d169cb82c9ca5b155dce02969847951ea67e90eb5567fd0070997ae655e6050571a9309353aae5c4b625913122b60ca325f7b7d06cd9a9fa41a5c39670c822b45d6dd6f29b5d3a58b165ab0ba49597b30c6551a6196b5e9b12a646d61b0fcc61830e22ab6e0323ae7aa811dcf2cab089cc12a2d7447faf39f54e31560162ae560082fd32eae9663165693064fd7923d36d05a0d2211b18c7f1ed9a68638c62859a3ff53b09c1119b41233b19c60c841a137b156465e6c897041575531e433079c7f97b8ed11ade768bc8c055522bc7aa1a60e38635c6b92cb8b4a6f074bb5676cbabaa9103865d6487e84b2e9a459b09649f01be0cbc62e1709c53695c4a692f68b0cb9da885dc87f5728750c1cb026f3a18bd7c40e3b0eba14961aa66b214a5779517e5ef7a93260a2c376b1dab446b350923a5de7131b53f188da985012aba697e8c4f5e0bbed0e26c43f40f17c705fd96c219c9ac767c9bc68a4898c59501c7964a29f987fd0654ea89850945a40e4fb5c5c1082627b82138cff3492c586389e25924f6ddabf2b0bc52d048baf1cb038dc20e1bcebb8db5e75dc216fbe2449d93891fba7a60a60d6e791acae59b6652346c44262ebacc40a15bdd4c87dee1f5a75206b3dfe5029eee7635e74c7c9a692f2441b8970632e00bab1c6885bea72b717463a2696e8561a197b8311a7b3185b078c4a1402ae8c75d8fec0cc10559c3125b36b13111c876f235017dba421dfb9d1324299ddf35d588ef099e6e346864666d672304477f71b2de58d6bc25e57563c1df7182d109845409e086442af6101ad211a2d6bb81b9faee27e6d55459d4749108bd8d72c05f01a8a5834d69d5cc7c16a1ef9a98b09edd1d175aa86a0d28d0c720399027924c55937831d3ab9a4584cc06880a42bd44c56d2e18c15c13d2c74c20fafa3b39f9a56d2eb82e9d5c9e2d91e61ce2af04f3174eae4f144855e87fb9d8529295e50b3b3a4d40b0eb9e3150095cc56d2e08d6b69701ff00aebaf0491a02e1693a7d3737bc8eeb17e61fd959da94b3ebe2f607f4f7340d82c69116d1f3fe5da7f0f72ecf67fed48ffeefcefa5f13b448c6b0aaad675f4bb39840f5a94e6253822cedb10aa63e00c9493264dfb1b820aaebf631206d6c752cc8082f327cbb6dae358433a3095dafc661cb2b2cc2665fb1f51f5c79fa9f2db4f8dae1157025f8fa762ea93cbb6aeea56911608228c29a18e407f932bc04e47d1287d26163a1ff00394b4d52091fedbdb8490b256fcec97c9cc1e39712ebe370d3071c3fc1a60e387f1dcdf6eb2b359b7dca3bafb75307c982183cf11a60e387cf383f9cfc4060f24bf1d82d7a8d3d75d79e07dbd8100535beb2109035e5bd6104ea3534e91aad6aa56045239c85b840c7d473533b2a59d45b6c97e3eebec6a7080c7d835459664ce173057615f31681a2a6a6947d49acd9531ad54138130cd93ba958a4198d74edc308e5eb07668e33c8268a6c8b5ad44dda4d6a161dc6563cd12df8aef947877d656860c47e5e6b6430e4d5a92361fa3bef078e2b290fd9620561edf4ecdd31d6ae1bb4e8aeaa3388102856a3ebdbbafebee744a9c0015fb60342924fa99ce31801da62f6fbfddd13286d48fbcbb06b573e3b7a3839ded48b5d76bb5670529b4ae2a7f9afca0c3ea345a3a486e7c34c1c70cd7cac79b7b522d755ee1715b99695c3b9ddfa7d619ee29b48f1694de0ef6a45aeb13e57b9ff002392a4813fae19e655d8cff21c76ebc9e3f3df5d3ce1fe287ff96fb04eb471da920acef4a9bc02697e20a0560888cf9bbe5976acf70b4b1ee4927eb465632e8cd17c25ad9ea8c66dcba16936f0c33af5e4a360c26cd50bf36450a69553ea74271fb53e5c443212237df2340704ac4c97b448b651e91d87adbb8d9779a17fd92ef49a23317e55fc7d328a1e11abf7ea8352fec14c9741b0c50b347ed22c65c1609ecc7cc172c4c588f36f759bc07d703e352a98f9a1fe6ec15a11952acd6eb3fbb71d31f2699bd8ca1ca2ef53c7ba46c41786d6262239fd9b6f04cbc191ad3ee268bb6d6d61e10cf4cddf5898b11e6deeb3781ad84ff58af3928c87e1ecbc586461d79293b26e59b77dfd95910ccb7f0dfa72edbd850f4ed9bd578cd3ae334deaa8b6d67aaa29761831e1f9fb9293db8d2e2ffae7bc89e75e0f6586993430c90eb4f418e6f5545b6b22f2a2131578279a4aa57f72f7a7a0de0350ab226deaa8b6d72801d48dd01a56dbd5516dae6b697242e5008bf176784e776fd6c3b08d3718a804ae430c31c3fec6cc80c73d556ff4fa7697f0ab4159ec0b0cb64fb10375d2103b75d2cfed5a5f8abce2fc0eb7e5da7f0f79ecedb02d99d9dbac4061130e7bb3b47c15b6c1b224e7bf30caf3098b41f17799fbfeaa4c8e57dd35db5ceb6194f8d034b5ed2947d9ac1fcd667633436acb1d1f2e73639a682caff09a1b2bedb6ad9264c97e655843b89558641ae1cb90dfd8456378772fc3983a76475913a56193d962f4be27f2be9c97d3bd1be4ece53d7c43f86b5d25cafe80ea83f360f21e4ebfe43c9fd24fbd9a02a87a6ffbafb3ffc40049100002010302040402060804020709000001020304111213210005223114324151102330334252617115202440628191a13450b1b206721625435382a2c135737483b5d1d4f0f1ffda0008010100063f02e25a78a3c590a0d4fb6031176b1045adc454f2c7933971a9f6c8526cd6000b5bf50bc4d928778c9dc75c4e636eff00c4bc5cdfb81b02de636f4bfbf01e56c54ba460ee7ae5711af6fe26fa7ae680e10f2d0cd51e5f246ee84eea6fbc6db6df9f11d525887c85d4dd6f1b14363ed71c4b5133611408d24adb9b220b9edf0851dacd50fa708df7708d27fb50fc529cb7cd911a445dfc91950dfef1f09911aed4efa730df6728b27fb5c7ee1af08566d510c9291a91c4585c661594efe9b8fcf8a2a68f42459369634528ba6377725c92081d9413ff00dbe0b3404b44e1591cab25d5d43823203d1be3253175934b15cf4424a72b7531b9db7efebc474c1963d5c973308794637ea5371b6ddfd3e091ac466412033c4ba65ca62de559fe51eab79f6f51d56e28967a23513d3991623a90b448a677c7722368ac96c5e1b1f75e955e122f00e94d154d63352c0b44d9eb4c1a1971a8bc7611f4fde1dbb713b3c664a935742565797558c34fe0f50e471f588dcd816b0dbb713a4548f4acf353bbd46506a649551c8c5597eb42aa921a65cffe6c8814f4f5f514d415212f242f2aae4d73938cdcb10cd7373bfbef7e2abc353079ea0563fe94568b1a9a7aa8a610c41f2ccdb513cc31e9efb0e2d4101262a73e05d5a2ba545ddd999aa03b066245993a8b79d86c44934091d0d64951cc1aab985d62614f32d518d9e45df104a1fc3f97152fcbe9b4f977ecda94b4cf4d306082aae815b3a6043bab95bff1798f10c2f982b9596428ceaacc4aafcb5541606d65d876171f41cd1e4a34ad68f0c2365576fa94d8640f0cb1469129a57baa28406d245f77e1cc29e15ce59e9a58e25d85dde32077e271043e1eb99ead9b9c64aba914e930863cd0997a0ba771618edd8710fe8ee5dfa1f098be39c710cbc35425cad3b300097552ca73fcb10784a796aa9a81e3451e0a49618de318821710d6161edc72ba49684182829e2a69d99e365934eaa8d9ce37f21484917dfdc0daf30a7a60b4285b469d4a2a1819a81de254b81f334a5163b7bf7e0492729d6e5d9ca61e4bfb39d22e90056c19f446f1c8766fb7f8b7124f345940efd0a64d6d37149047a80b599af832166eaed60016fa796799c470c285e590f65441727831be9c8d869d52c83a2a236efac3bf577df707f9834dcf22a99452b26b5172f945a489a68d90876bf5621b63ff00f7e14cfe1bc6448922e8e623c67731e9cd73e5c316ea5ea17e91c471d45019d90c25621e1e75ca3a1a68baa39d8215ca3604860df74d989e33d1eaefe235dbfc3f83d1f0dadf5df5dd77b7f179b6f83c3511ea4725838dc1e9390dc58f7e121a78f4e38ee106e4f51c8ee6e7bfee8d50e8e267b66e92cb15ec2df618706682322565c4bb3c921c7bfdb63edfbc156019585994ee083c2c29ca6974d6432aab448f690fda1903bedfae5e46088be66636038ce291654fbc8430fedfe6ba39909143aaaa2de731551bfbeda62dc572e6d2601466e72738cf509727dec83e01e527a8e28aaad23b377b2aa02c7617db878d219a654f0dd6b14fdea6631303688d8a5bb7a9e9f303c3c6d361a79652b2b24178812e04a4604ad8dc03b58fb1e29fce04b3693ac892c32ae514922911ba076c8c78ad86e7b6fb70b2c4d9237e60dc1b1041dc107620fd3526516aead3d532f6e931e8f50bfaf56dc5148f109964abc0c6de53f2256def7f6e3964dff7d490befdfaa307896a266c22811a495b73644173db89156a2c23be533abc70f4a6a6d23a843d1d5b1f2efdb866ca452a40d068665a8395c8c6229a87ca7b0f43ec78e8a83225b2332472bc2a81de3c9a45528ab78cee4db6bf6e2ae4eb95e991caa84974de4881ba2c9815245b7b76b1bf63c2b8b80e0119028dbfb86b11fb8b3b1b2a0bb1fc070c9bc68bdecc6303f0b82388637975352c181372a5bb6fed7f826bc98677b6c5acabe666c41b28beec761ebc43564e967a0b2c7bb61355ac6c897b6ff5abbf11419131c91c92b4f8c98aac6d180fe4fab6ccfccf2eddfe09534f119a1923586408af232e22753711abb6eb31b100d88dc58f15555589a46aac1108646da49a466c5b751796c2fbd85cdbb7c163c93a1f3c254d681f622d24775c86f71bf7b1f4e1a382b5029d229940367a7ad7ac4da378d6df3312001f85bb70f2c930b399b27112f8964aa8a488ab4c6e4e3a9d1e800b107622966aaac491a966d5548a2d28eda32c5eaeed7f9bdefe9dbd7868f3cf29a696f6b7f8899e5b7f2cadf4d4b554d13d41a2d459e08f790c1518e4547a9180e28f9653530967824c984424fadc4a672e4a0460063b6ff9f147461b2149047086f7d250bffa7157499e9f8a85e2d4b656d452b7b6defc4afe29e2d5a96a8ca3e99172a2f07d2d7d88f35f8359488925567118e0a5a7861815a349e32c51a68ee0acdf7ef7fc361cc239e72b2f33a79216c82b3a6acd532866c2ca5ad51b81b5c6dc56e2d4f1f8a15169fc329ab0f581c365293ba8d4360003d85fbdd7518349619b28c54b7ad8126dfd7f719a1bdb55192fff0030b70f84b4bcba34e631d34d3d544c42174a7cdb5359149fdac90b6dd559b2db8e5f34f2d362d5d4947514fa5245835a899a20e667f9c8d35b023b239dad6f843510547879624788b6224f953142d8dcecdf2c589b8f7078e5ae64d46a0a6482f62337850c68fdf6b2c926dfc5f80e2283f480f0d15249cbc45a3d5e125d31e6cfeb2c9e6edfc03d7fcc0cf59caa8eaa63b19a682391ec3f16527849a0e4f4304d19bc72c74f123a9f7042dff584150f26b1412611433d4108c4804e8a3daf89e0c14ef26b0432612c33d3928a40246b225ed90ff2ece691624fbce428fefc044ab85ddbcaab22927fbfeb535642df26155839844f8af4c2eeea545ee6e5fdb8a8ac99be4cea69f97c4989da6747258657db0f41f05748b5e491f08e3eaef62dda3591cec3eca9fe97215bc31479805a74625729c55784753750caaaecbb917b1f2dc11c6bd3531951c41a59121b56788ce50ac6b23f4c789e90ddfd83113cbe09c43474cd5358f7b15d379e3655570ac4e506d7b6ddf13b1ac82aa210e8d3d3b2c6ac254ca579eecad8ab76503703b7f3304694baa92f79598a0bded829c19723e9994049001ef6066a649ea64a9aa4544691c08a9e729da1a777dbb5f0b7a920903891a3a631d3208caceec326d68229c0c45fb0937fe56bef6869e0a7f112ca8f295c847f2a1281b1b8ddbe60b0361ee4710d48a40b4cc69a39db53e6acd5ab132855c2cca35d6e6e3d76f7a19163c8e7cbe2acabba86d5aaf0eeff002ed6c4a4b6b837bfa5b7fa0e62d49e1053f2e367d5591a43685263e5603edf02754a2eb5ce38b097365f71f37882ae40aaf2170c13cbf2e464f5bfdde2aeaf0d4f0b0bcba77c6fa6a5ad7dfdb8a96aca1d1829dde3e8904b36694be3375c557eafd98f57e1bf023fd1e52a6590474e1f5e1a76ba49279e6a78df6111ec87d3df6a8d485e59b3222a76236bd556263682391c954837c72fe4326e12a0218ae5d1e33716789cc6de60a7bafa807dc0e2b255a6f0e078d8292a330ede228d6660d8636c6d09efebb5adbf0f4d1d0996e658e9082c3527811df12e63d117d32367247a81bd83d2c06aa390c494f20d4ea96685aa482a91bc9b4401b853dfd2c6cb0781784085659de42531c9e68ec15d55f7315d6e06db9b1d89962a7352d7030196d7f53a6923ff00453fd2e42ac540929294cc64d71a3fb6ced4eb8b2ab920919036f2f7b1d8ea7832e21121aec4bc986848f1363a713fac6d632600fbf9b1af8e6933486fa62c05bf6dac8bd07dd894715b6875a92928e2a99ba8260b94f9e3b12cc420b0edb771ebcd9e58f59b96a544e0dc2e48953551aa6c36b2c1df86a65a393435258454e3379e02c18b13108b1ba102ce4f6dbbdbf5aae643678a17753f8aa93c3c123cee68e6608d9c29d4b9477da0f63c51b896568656a66c1c86018d708bbac6a3ecfbff005f4e21a6a68526a8991e5025730c62384a2b752a486f7907a707f64c69e29a1a6a92ce35d67a911e2022865206b2dce7efdfd65abfd143461a18eb993c40d5c26592db618f78cfdaede97e9f845e1e04d3487fc539017266dc103a8d80dbd37e24f110218da1b78a520ae4adb000f50bdcdffd7e012507a4e48cacd1bab76bab210c3636db8a78e180471d2c8f353a2dc2abcb986b0ffe61db8d1c0aa6a3cca55dd1d659599d995d486172e7b1f5b76e258e1a5448e64d3922ef198f391f1c4ed6bcadc3bf2e6482a66c4545454096acba4795af7955891977bf6dbdad973064a897ca4c025a68de2fb9226abe6373b36dbf6efc10622434924ac33937339ca45f37918f74f29f6e1e1e5d853336189903ce9f2d1221b66a7c88077e135eaa8df0bdbf669d6eade656c6ac5d4db753b1f5e2982abb78648d56eed8318142a3ba021198623723d07b0e20b53ed4da5a2b93e21a9f1c1ad95b20140cbbdb6edf41cea0a2e4e6b69f991ca3a959e18b1ca96383759181d8a7094dff0046f3a98534e1abf134c2c06cb75d4dc8fcf8a3a5ad4d2aa4d532c770d6d499dc6eb71d8f12d3ccb9c53a3472aee2e8e2c7b70cd24024d490cce1ae54b983c31b83b7d5ed6e1971918b1075da699aa063703194bea0f31ec7d4fb9e0a454fa23ece933c456cf23f4146057799bb7a1b76e161e5725351d2ae4440f03cb6777676b6334761bf6b712ad501532d419daa19738a36356ce5884cd806c5f1cbcd6dafc2d5e8fcf8dda489b26b23c8195f15be232cbaaddcee77e169e62643a8f39950b42c2699da462851b25ddc8efdb6b9e24348a2299e311ea3652794bb82c3205baa424ef73ea78c7985443346378fc3c72d24cb276c848276236b8db8da1ffbab9c9ae4d3ca67424df739b124fafadf874969f24933d54c9c07d67690e566decce4adfca7cb6e247e5e63a69e63f3a4955e752b9c92f97553edca4f0d3f31d3a9a92046658964a75302dce9b2eabdd496371d8fa8db874969f24933d54c9c07d67690e566decce4adfca7cb6e3c42a1d4b960b9b9895dfcccb19382b1b9b902fb9f73faf574e842bd4432468c7b5dd48e2ade7a4a9124b219098a49e588ea75f498e81f6dedbf1cb98471414d10a72cb2cc64a85115578b20fecebb9f2dae07e7f04d5cc3477c248a49209006ee328995ac6ddb849161c34f1c62566482f100109881c095b0b1236b0f61c3d3887e5494cb46eb937f878c3055effc677eff00e71a9e00ac37d8ea5e5c7df02a3fd78061995aff0063b38fcd4ee3f747a28690ced10bbb9d502f656b0d38a5ec185f850681532214176a945bb1b0dda900efc53d48188a889250bed9ae5fbc67f2f0efa7a9fb45bff776ff00d7f5cc30f6f3d09f74fba7f2edc434948161a6a560fcc798443126c7b21f4bdb63fcfe1ca5f5fc2815872a8c73c14d2d402dec2c3d4ec3b9db88f0aa862508c692495847e2c89e545b2882532dd110da2c7cdb775b734ffc5ffd47987ee1594f9e1d2ec48191e8a5a793b5c7b713ce1f110f5bc9514d15accc91f999a4eddf836d9567a8551e8025448a07f6e3985442d84b0534b244db1b3a4648efc50c31d76aa8a943e3348031cd252d66ac417ec94551657bb2dfab2edc4f95668cb4a928e5f1da206b6a20a8a88702197a8fca4b88ede6fc45b424e6e6960f17cc3c45737865659e3aae888978f019ab17b5afedd3b714935447a5512c28f3c562b8c8ca0b0b1dc58f114134c268e6929a62bb651491d7d28d321624c186a752177236dfd5b96886af59129a99ab974c28a58d25a64dee2e0342ce4b377b64b61c7336a2add3a7a686ae685c46ad714d4f46eb8971d8b4877dee0ede8457412ca67f07502249982876568229bab00abde4b6c3e98926c0773c112c72c514814664304df6fbe07fe5e2086e2413df1611c90db152df6cefdbe14d1c95dfa32964491a4adf94bf350c6123ca7564ea0cc7b5f6fcf800d5daa35a9920e5da622d7a79845ab369c80cdd39bfdadb1dfb371abe27e5e8e8783d2a7f0f8fe85f15e5d3fbfe9dbd2df0881a97a6c43248500c9a37b5c0bf6edc369348f92a47d641b2457c40b01f7bf749b9b537355a569858c32530a95ea89616f348010557db8467e694fa39299d29a822a395d11d64c75627c86ea3810c23145b9dc9637639124b5c9b93c4b4f32e714e8d1cabb8ba38b1edfa8d2bc95219bb88eaaa624d85bcb1c8abfb949135f1954a35b636616e31a8ac79a0bdd63eb07f0ef232ff0041c0963c9d97c99602d7dbec2aff007ff3c96922748654c2c648a49af9589368d97d0f14d0543472bd41700c71c906ca0b0369198f61bfe3f0851dacd50fa708df7708d27fb50f0c9bdd4027638f55fd7b7a7c25a899b08a0469256dcd9105cf6f8cb5133611408d24adb9b220b9edf49555aaa19e20a2307b6523841fddb88396f3329510d6abe84e80001e252fe807b7eb3d386f9b1a2c8ebbf9242c17fd8782f1364a1de32771d71398dbbff12f12d44cd845023492b6e6c882e7b7c3c3e57970d42a2e6c97b6fed7f4f7dfd8fc66446bb53be9cc37d9ca2c9fed71f49a1091aa0da466198175cac1432926dc1930c591b07b6e858007a7f0dff5a38e68d2455a643d401ee67f7fc4714423a78e069296a8b608b1dd52a210be503d0fc2830a6f169054ea5441988f28b4254237b5ef95b1ec7b1dafc5378aa3492883ab1824d3744887e90291e3723e589e31b6dedb0e3c2d7d653d1c8249cc104b2c696a633c9a5604f970b5bdbb71cc346804f53571d598b9bac9185962a9593450306cdb6651660145ae0ecbc12292d51ad52f3f31d4116bd3cc25d287523266e9cd3eced8edd978d24a3921a75a857969c0a259a6411b8de217a4367606e6d703b5d5499a0146f54f251b4541a92c4af4ce5a663ba601724755c6318ed81386ff00492727aad69aaa4c2431c0c22c2cd9292ec187a76b1e391d655c957560d0475111564b47e2559374b2df6fc7faf1056d249ab4d50b9c526e2e3f23bf15d4b19024a9a792242de5ca442a2f6bfbf15934fcba458258e991211253b4c745aa09ba499c27771b31b5ba81c85853968245b53aa53454ed4f8d3cd9c8c5af502568b665fa9be36b0be2bc544d5b24746f53573932cd228babcf2c918058dbca6f8fe7eb7e2b2a68523af8e4a48e9a92b62991960ac5698892d97d8cc1c8750fb20dcf1369c04ce0d53d0bab41d1249553ca18998394bab2e263b1bf988b02399c6397675d3a565b99e71a6a24e24d28ef966d60cab8b80a2ddf65e19398d4c34d2c93484544d2221a817167dc8df1201ed6ec0638f1cc2b68047225653d2a2d5c06166944350e67404dd4dd005eae93b03b712c62964c3c2570a6a799e05c669969c4630a7c221d48580dc5fa89cbb4b0c7483c08a863494e9a1826704001c27592354cc3e44267f746ed788d74334e3a4cf0a1a49e469bc1d247991579466cd138bf9bdb6278a78a462f2471aabb336ab1655b1bb10b7fcedf472345532455c8034cab0cd326588c7783a91b1f5e2a927bb78528336b1219ef742477c6dfdfe07187582f2fac8e35c801e225d1d2b8245fca48bec08bf7b71265cb05672b4924f0dcb574301a915359d639595059964fc7abf13c678a7e93cf1fd2997ccb7e89f0f96a7d65b5ff009fadbe0ad550e6e9e49159a3703fe642a78260439918ea3bbccf8fb6521636fdd24afe63cbb5aae50049289aa22be031171148a3b0e20d7e557f0f18861c66a88ed1af61d120e21a0a08742929c11145766b644b1dd893dcfef0be214c33a1bad5c382cfb0b5b2656db7e21a4a64c218142afb9c45ae7f1f7fd6748e5491a3da455604a9fc6dfbadcec0773c38a5ab86a4c7e7113ac96fcf13fe41ff000e729e55cc25a0a9a4a579659d1b473cd8052c56d7de362788d2bf99cbcd397994256c33b19ba09dd919b7047c293547454cda396f7074a49058004b1252c00f7e10994d9864c4248da6b72b796cbf2ec41be76ec7d8f062f104b2190484472b2268361266c1715c4f7bfa58f6238686f84cb34d0e1b95ca9e475b676c722ab963dedbf6dfe9eb292091a369828664f3e90753201f894b8e292bb943b44b4c245af40ed2a3c52210a1b23b1cec7e12d44cd845023492b6e6c882e7b70d1c8e755421d254791ceae78e2a8096fab6eded7e10994d9864c4248da6b72b796cbf2ec41be76ec7d8f132d3c9a869dcc736c6cb22b152b723bf4ffa1ec4712524e74f08639849bb74c8d22b160a3a5570dd8edbef6e16469c246f24b0876baae74fa864b93dada4dbf01d9cc6a09d613473432aa2c324d90468f23b447f0d8ef716e19b2914a90341a1996a0e5723188a6a1f29ec3d0fb1e10994d9864c4248da6b72b796cbf2ec41be76ec7d8f1e1d5cea5ca86c1c44ce9e655908c19858dc037d8fb1fa5aa993cd0c2eebf9aa93c61e2a7b656bfcaf7ffe1f8e5f51512c3511562c41b4c612a3cf885b8cce5b9b1b5be107c8798cf34515c6c88259522c99bff1f6ee7f2b91f1a6e63ca2558f9a51a18f49ce2b2c57c80cbd0824dbf3e20a8ff88e34a0a0a790492c3a8934b3626f88d32c003ea49f85234551e1a4a49b591b1120274a48ec41236ebdff00b5bbf13c6b5600af8da2e6578ef92cb24b2b69758c379dad7cbd3db79a3f136d58798457c3b7e93984b7f37d8b5bf1fc388d9eaf56086a67ab862c02b2cb5265db2bf942ca7d2f7def6e9fa79a8693977319b9540b1983c2c13490c8c503162d129b9b9b58fb71cba54e51cd125863d432434d3dd6a1cf5a8d35d94585876efc72fa8e6d0c90730743e2239574a4e97650596c2c59403c5452c8488ea63689caf9b1917136bdfdf8a992a2ae1a892a521468a4a60d4b6a7690db4cbe447ccbf9af90ef6e9e22796486a6410ac134b534eb52f823330d2d46389eb3bb67e97bef72b1c125717a89a4c62d3461e22579bfed6441b656efc55cac64e5f1d653ad1d4d24ab148c615d42595a295acdf36c3dbd54ed688ad718e082a27a886358d73cea966c8966c81b34bd3b7e04377e1a98d5470a932148a0874a9d3569a5a7e943235beb6e77b6dd81249350cd1b1b43a70cf16bc3941ae3ad725cb69ff0b100f148b14d0c3e1af665a74431967cd8d3e0574ef7b10d9022d7bf5652566ba62f7c82c41267bf612b86c582fd9e9b8f7f365f49514c5b015113465fdb35c6fc55c0f12c51c2d2112cb0b43074c80261259b2c86fb76f5e29a9e6a658e9f974eaf512c91cb1c2560996da527672e3a87f7f82c79e18cd0cb7b5ffc3cc92dbf9e36ff003a961ddcc27176ca14190ee3e648a783f2dc85059acf4ed655dc9b2ca4fee8f34ce238a305a491b601470f0505724f3463268acc8d8fb8cc0bfef204d511c24f60ec17fd78ce291654fbc8430fedfadce442e438a87007e53c9fc4bfebc389d8e423a92076d969253f7dfe1cb85326a35454989a2b850c3c3ccfbb1bd806504db7fcfb713c8b4808a08da5e65792d8ac524b1369741cf781ad7c7d3df6ac9a288451daae1a2a8cb297c4d1c73125a329885bc2d6ea3e9b7b198261197658ae7ac84389c87d93903d3dc7ad8dc0fa6aaa6a899608a4c326671103848af8647ef636e286be289797d441a840b787d6596331e181b65defb7c2aeaf0d4f0b0bcba77c6fa6a5ad7dfdb8a8862a4350d0470c97191faf6957711a48fb697a29efe82e78895281ea1b45679843a95034e46655d26822915b2c091914f4fc6d3b353e8c714d2c31b6418b982578c9b01b0e9ff5fc09adb43ad494947154cdd41305ca7cf1d89662105876dbb8f5818531733d5d4d288d5865fb2ebee32b0ead0fefdf8153252e2637932891c8074a9269f0713429229f963ec8eea4122e38304f443c6931e9450bcb3c456612b0b948753fec1bb21f4fc6d48dfa39d04f70faa5e1eb0f8629947ddbecea69deebeb7b4948d4ba68b7c5cb112103ede250295ff91d88bae405f6e5c299351aa2a4c4d15c2861e1e67dd8dec032826dbfe7db89e45a4045046d2f32bc96c56292589b4ba0e7bc0d6be3e9efb4d4de04da30c63eab4cf88ee0481232a7b5d5cdaeb905ded21960109436e9663fc984b1c522b7ad8af620827e8843cb26d2a86580e1a8f0075fda7a734b11effcb87d69bc44a1a312cff7dbc2c376fe7f0a64a34a8d3259aa65a6f0dabb0b2adaa885dc9bdff0b7af14f2c7299e39635649d862ceacb70c400bdff2f8f30aaa79e8cc5573bc881e495182bc8cfbda26fbdc21e652d3783c255996092469089a178b6ca251f6fe11ad4c7a8217d48b72a564c4ae40a91b8cb6f6efdf8406236518b00f22ea2dcb5a5b37ccb926f9dfb9f73c4da911613870f1672697ce055caa658ab10c6ec05f73ee78934d71123991977b66ddec3d2fdcdbd77ee7e9e47a1a3f17cb5150527ce855474757448ebbe57df8a63fa3b54c632909a8a7ff0010c6ef26f27dab0fe9c5045cdfff0068c684545db54ecc71bb026e71b70d1c8a248e4055d185d4a9d8820f0e444fa92639d46acbaf78f2c4eae79dece45efdb6edb7080c46ca31601e45d45b96b4b66f99724df3bf73ee78d3a078e9c991e4632a34ebf3599db61221dd9bdf869f98e9d4d4902332c4b253a9816e74d9755eea4b1b8ec7d46dc6b3d3077bb9018b320d556492c84e2330c72db7ee77e1a392279835f2796596592cd1bc56cddcb5b191b6bfadfbf0d2488755820d55778dc69678e2c8415fac6edef6e10188d9462c03c8ba8b72d696cdf32e49be77ee7dcf0f5108c2a0e4d1646478125706ee22cc2826fb91626e77dcf08399cb4f55144752058a2969dd66b150e1b5dfb0636fc77f4e10188d9462c03c8ba8b72d696cdf32e49be77ee7dcf0f23439ea65944cccf05e504391113802d737206f73ee787d2ccb496ce49649279085ec329599ac2fdbe881a7a47a9468a2db4e678db069ee0985588b640f137888dd1da51e746889c608909c5803e653f04d5cc3477c248a49209006ee328995ac6ddb858e3511c7180a88a2ca146c0003fce5be6af41c5f7bd9bd8f196ba61db3bf4eff008f6fdd2a6b9d73100165f7662147f73c41cbf9a50a5378c0fe12443f6a219107a9bd3f79d249326dc763892bdecdd8db8d3492efe82c45c0ef8dfbff002fd6e69bfd5730aa4fe929e2a64bdad00ffcd61f0e52fafe140ac3954639e0a696a016f6161ea761dcedc48cd59a4f142efcad6d17edf22cd3a20ea5ebc95233f2ede7dbbaf1cca33559cae95d154f2cf97f269a28a7d396c06a0cb04dd8dbab6ee3895a66f9cb33a4b06c04450d828f5208ea04f7bdec01004918aac254a9822a6e59f2fe7534ba5a92d88d438e6fba9b74efd8f104b1d60aa9e6a48e4adc91615a5669204c8f41c2f1bbbe4c0838e4063b714d4e79a5a364a971534ba53ea088d301791e9951ac646f22fe1dc1e286aa40049534f1cae17cb948818daf7f7fa35a089944b592296c8f96284e65b6b9ee071ff0fd655d5d3cd042bf370f4d55d391ff002eaeff00db8041b83d8f15cf4b735294f21a7c466daa10e361bdf7e2b3c1f308e3a68e3a6c2a8d961ca46a8cad398e541e402e4117e9d98ed4fa3591c6869d64a77a82b0b544a5e41862b0cfab60abf5256f7baeccb6a99aa27d51e26a22863c42848e0a89231dbb9dbfd3d6e4c33c0cf2bd3f2fac9e9e8b10f1b5445a6abb6395cea5b63f80ee6f4f0273386549ea4466aa164ac201a7a8775cd60823bfcb523624776b820710675dd53d351d4bd6cba5088cd5acc5817d3288b788004a36e6dea0abcfa894f24890c1555521d011c70cfcc1433349090a498c0de3ee6d65b8b4324ee92c872f9b1dca3286215ae523bdd7d4000f71b5be9ea6be79648e860b857c0d5154c43aa752baa80a4771b9e2961aa8f4659d5a582057ba8cd64c5980e9cb1560d6dbe14b26a381156527cb06c84b55c22edef6f6edfced6e67f31e4325352b92e6f6bcb55b0f4000ff00f6f73f1ab4d6a9a7e64d336b4d4be34959b3eab595a2f377db8c2beaaaeb25bdf5aa05604b7b7ca48e2c7f97eac3e27c67dac3c278cfc2f9784fed7fe5c47a3ada7be3e235b5bb9efe23affaf149e0ff00c268a785eff5388c7cdbf6f7fa589b9a733aba1a914e02a40a4a18b37b1fa9905ef7e0e1ff0010730fe2c507ff0089c50ad2bb494cb4f18a791ef998c20c49b806f6fd45f11e270cf6f0be2752f63dfc2f55bfb70de1fc4e19efe2bc4ea5ec3b78aeab7f6fdcf9949c8d63abe5cd2b7ca6c4d937f3095a05b7b59fb5ae388a4af6884ad4bff574116e817116f28c6da7e5c491df7bfeafffc4002a100101000202010206010501010000000001112131004151106120304071819150a1b1c1d1f0e1f1ffda0008010100013f21e39e8a1149079541cc766e39eaa1049439105c5746afae081c1815c0d21fdb1c3a6c73fe99c152e4e832c05e6081c1815c1d81fdf1f3f1764ed08c1ad54389d9e3e8de71a777259edcc1e10680f02b03af4b6ae81580c0cc8cf8f3eb2f135e4ad64c3fbbefe92d5d0090190b918f3e7e8012338d97c4c0a0a985282c9d5bfc2e6cce546fac32e49b37c82193ba3910f4cd81110f2851a256df8b992a622ce942991b7e6721fbabf01b3892062e032b1abacab2e56518616101679b9763db4cd433e4c67bc9a3da57bb2c09408e2ca9b122c06dae4e56bc4c92c8a17bb79929faa6128970401a45637f394d8f304f530736ff00d84e06987e5819d677cc53558dc3202632e19d54ea5cc43458e802fc6d506f615d132af1240ed640a00657d337859807a80abdf3bf3c0b642e8c764e536ef2406673b8417848efd20485740f0f18e485f9a532d771088ae18d85edf380508356c2da43a071c6f866276dc269c166327f1083d81bf3b15657583bd80e2f14aa9a673ab54e59782f8aa9401542c966f7b706ddfb9e5218066de2bc68b7575238d01c9c03fe2fdff57be7e91dd0d051b4420a47877474046d14aab5fa4eb732291a1f44e3cbc59a220c5a8d7d427f20000888ec79125ce11dc12007800307000081a3e213394437bae3994b93349d549fcac5b146310b9936870e77232ea8c027da897d8347a067829f8346b440602e85e6d530823d7902cd64073c374b402645a5c83468a5eb6c530e6c0a1c64ede304a2d00200888827cec01c89e09038ecfebc3f8894db080333d6e7191b7b376ffdf307841a03c0ac0eb9b91b0dc9de7cd2e1edc4a6ab983030a2d527b30ab66fd0ba88590ab6e1723a1280a90a529501339cab181a448f2253bfa1b7e5f106bcb8733f7a6ccf4e65d1e5243ea2799b29066b5dcf4f2cb4632e90ec4b14539d789cd430fb213399182e393b11b49217bb2eb8bf2a55403a6396b209961a953bd3b37a8131cc1a434db46662443e039b7b294e7603a018700df2cac6a935400a0f050135ba025e64a64001abf11bf742afbaee5c6be74c70fe0252a8c474af5c1f5fc4599282b593e11b26c5c22afe78ff00300e3854e979d1475cce68c889de277c40012efa16c8f6ed79abc42678639862d1489c9b04f65046b3004230e042189d919290ba2beefd087e9dcdebfaf283aa8ba04104e48f61c488c8c8e4c6374ab2bd0ad8cdd4cc00b8219cac5203be440b846d76cf2caa60689501d5143aa64fe443c1c51c6038c7247c5c8e8307edf17932c1406510bb8f8e7932c14065149aa79fe3b233a66b7aa838d6e229de00af88c4e7a4b20ce0220488bd90fbb8f8840d0016155f1c8550b4548d14b85f681e279ef126ccc351be208ff953148baabf8de22d09a39eb56131e6590e42b367c81650ac48a84e1ddcd4b701d3403805786eda5af369b43a00b6d67fc08458cc16c36571ad8cddccc82b9219c2ca28af3749ee02bf4c0e2d08c996ca1eba078227e3c1632b4a8e9a0392dc4411730c33d56bd7287cd82ac8245cb7cff100e3845ed39ec4c812f33823e10bc5477dc83b682ac15cf2e560484b8a468046e0c0e093630b07245b4c06c60dd392bd30c9c857bb9585e7ed8522ec1d070791adbe4802f1999247278be2bf98d4a65143611c843dcc20e834759f52870165934f56b91daa50472a90ba6bc1b9a524e9c3db8cff006d82f71e2ed577c9ff0069fb57399af37e2f0c86a9136b739332e39360124098544217e371e4aa18718fb9c0f79967ef1a638ea6fe7a61678d1de36f4783faa100002632e480dee2e72aa1b024f020e04f70d4b13a42972c5f47324e028da8c8a255548737aa4702b5b0924c197a267821f8346b44a28a694e200d981980c893d0b8084b398c6e246e8c30b64e28234eb19293a40919a00dd72e06cbc7089e9a1c3d9e2c4e4111390611b52bfa8b14c1d35dc65e091c31067573c67cb5b7a07d188ba4bb324430e43a96388ce542d304c1011b35fedf2ca2cdae1f22791ada884154f87cf21d12b10e9541ac3868d2263c5446363cc9e10680750947ae328949570aa1cf13b973c0a6ab98343080c127bb590f2a377a4a733278b99d6fa19062471d1d6206f7f3b751611bf64c70edb80588eeb303b803c287e64e7787182eea8d1fbd27b7a90b7855c99e7f9f3f644ea60a296519d9dde514d74932d6f8f682b9e2c0dd652d3954dd474f01172d7b924830378a7175e0675891cf682b9e2c0dd652d38c8baf54159c088b23b3e2bef2a64eacacaf15b36f5cc9a85c2b8f117183c20f30d670136e24e540d3100e9905a8a0a50e786e96804c8b4b80e89f9dfb6edcf07de37afe61a759013c7f91fd2e38d70ee6c3640dec9f485f6b96345734d32538fc54ec9892154cbc7bef1650405f6bf5089d4e8fddfb3f19c76e272503ab77f08f25ee9a8b1be96067d813d2d10aebf49b4166ebd09c89a79ecfd71da5f1fd0c8cab0682ce064ae3be60c0ad69ac3158079e3c881fe0201d0107317859a0781189df346bf4d97c2834438b8edfd2224c28647ae48f0c59f500411193abed038f3e2b8263d048e786e6a247e504f26ee4d775618c34d1281f3e94c69b12e54f60f39ccbbfb0dc0cb8410c07757e69b61d4c0077ceb3705dd65b2f97dcdf19c91d15d85f8bd325be8d10058464d58563fecd58e11c8c0319737ff47b3edfcd8f47a5d831ca476cd2c70b8f03531163c2a056f3eff4896af390f3d185ecfb4b76a29c4017753c71c4a885ef5242155bcc9e10680750947af82343f408c0a6ba3df7f44f386c59028f9cf31f16854ce404f678b05aa16953bec536fe71f8481902e0741e537c893912616e31782dfa5b5740ac06066467c79e2e1bb938408ca73a0d31765e60f08340781581d7ae0f08340781581d7ccf3c2629bfb1c2824d3f282fd3d9e23f15bc4d782b5932feafb73040e0c0ae0690fed8e60f08340781581d7a69a186a11584a5cba45c1e92d5d0090190b918f3e7e65488d4b61b270ee067db88ae502504520f464dd3e22341022cbfa3cb7d54db4f23147d32cbfdf2e10b0a6da8d0836451771e80687769c2885a2746c8803434938569f62711c43fce4163fec558e11c0c833b732f9f9694ab90d205e331a4b085a967d82d507f2e4163e421bccdc26b019e0eb40144acdbbccfe91a6588a3e4408e1129c409ab2040414b96394c3bb393531565082e472f24229085869e50aa79a5e324d4638d2a95c292d03bb0c09ceafd077a75ab8d8192ae07e2c5fd3a835f954026d11ade304bb905e044478b54d489afc7c7b026232e6424321a310822e1527ce660e2d402d4393de69cc5bc92bc9d91c4713f4011535330bb86be5a304c524c2d460ea5e613226189d82837705bbf4db72a4f180b2d40300b981cf9ac6b1c3b929208dcfd514ff6f0d65f7bd2124cf09cc37daf2516d455991b59965cfd2331c45edc81805971cff2abcf7f97be1b820f64856a8aadfa84b0d97025e93344e0ef27c3015815cabb7e25667ecc604a7e7e95ea00a9800e6e0b5b5fb89fc060b926dba82482caf1c435f09ed09680c749e8bd9bac9801c1334a2570b95ce7018a9212c28bd551aad8651c58b6024c87ae4fcfd56f69e5e0fcf2213d5552be907df96b01a84ab8c01e1a6bd307841a03c0ac0eb9807dbbd0a18d9028250cf1cae7380c549096145eaaf8ae1a2e010e46e3b038753c33f91c3dd315850151100c000068b18de4e68e9fe628c30b05815094d5730606145aa4f6672b9ce031524258517a99375ea8233911064347cc71819dc93bfdb9fa58f4c2f5febf9e1b68b72e50438c46e4b398fa09946118c260f608f802e59aa6d07ddc30ec9c913b577a57094268f4ad67f362383a919449051afc768c9b7c3677ae3ee0bb7416dd0fbbc3987b0aca19bb8934d5c1f39d5724001187a3194ef85f464b9e4fb2ada51780ad9ccb98d6090de8e21cdd80211016618e46ec8cf36a47b353a45eeb72547052da99e2e5bc719467b01ef0ee785c9a4e42e2c255487278577f3d2737435c60652044d5ae8ebb6b85670e06215480da4b02b01c80eb9943e36790f1c0403c92818dca27582b9202c7e689a00c2a1a07b5e7b9665f4c3f9cb09967968d86a30046600093d3f98dfba153dd756e75fcd40af4d8ce0372ee4de78952c67c190481707d2269d801b555e8e6b98f48621185d9f5231aeb7a792ce652e4cd275527c4630e59d1d23e7854e52e193407cf7f8f4d5734d192d4006060b2835f8ec1936f96ceb5c3318466d84a0993615e3bba005213310af9e54e14590aee084fede2f7a2264cd2ed188673e9fe201c708bda7282eb8535ee792d140163c6fb113501311a8cf37f9ea543f404adb121c3be4ffb4fdab9ccd7987cbfc445991380140db0cfbb92b2263c23892dc1fa42410c542153dd22b988f6134ae9d0df84321cea8e9e1e957a15012d1c6ab9a68c96a0030305941afc760c9b7cb675ae18a8f44cb5e8251a2a388a5fb21a9652090c690c7c9bd56901e69637aef0ef8ca8a4111c27bb3e9bf811c1330168d4d5b02773c0000421a91f63d43abbe2580f4c77d7be3a7b59bde2bb5bf8f4cfe03980d40055b50402195ce711821290caabdce4bfe93a476825b366a9513e568ca742a5645f9d96f9c6b1d49aa8c933c4d127404814e3d4fc0e192804231ca764d73df0d4c4c2ba01136725c3b778fa4b6a5e78f065739c46084a432aaf758beb399b0cd5d0d4d4181bc538baf033ac48e67fb562b8828521ed03ccd086313ea36300a00af300fb77a543092a144a98e195ce711821290caabdda5d89a651217e68179b90c6aa3600090111c32b9ce230425219557bbcb74b402644a5c876540db100ed904a82a855f9439836c96687eedfbe5ca5c918c883031e95034c403a6416a28294386a62615d0001a3f99c85f5a22ce0d39d3cc9902260b50cfb2e3e918b2e1c4377dcf8f457d2b1ff00f8ff006fa99e7704c8110b4641c727fc15fb748013b6be240e507dac9fd789a325d7fc5f4b442bafd26d059baf42730c5d2b1428e1cbb9410c2752ba69bdc2bd5a747aa1a012113264f28b08552c364dea14eadad9b04121050934b3574a40fd4449151349790026ac8000252e19f97747a210e4183a9fd7903c2ce67336240e45fb38698f4f223d9c10ca7a8a60d3084cf061ff0044fcc30e95c9c8e3cf6930ad6691b19c0b50095e1ae4c42ea187063acde95f350780cd00f3133dd22a1441a1b12598bd4b32dea59ecf224913753c7eda6303704ed8b00f8c441eaa6fe78cb5aa6821ee833b38c8d8528f85a71b226afa579264d690cc2c4ed510b8ac7479800c800003dda93d09a2116c28b596c2dbcf3e824b244d9f64dfc3ff006cff00d57e5f2e7ff6bc2fbdd784989cff00b1f5faff002f3f36c2ed7284f7c22754d73fe3c1dce2700940c64d22d0fb7c1ecddff891aef69dce7bb77fe2469adaf77e8c8516905e2bb16abed5c611730a788c7d18d9af85ffc4002a100101000202000602020202030000000001110021314110203040516150f07181a1d191c1b1e1f1ffda0008010100013f10c5f84d30dd1693058980fc26196a8b49a2c5f21c7fceec428e65232a50a0a5d9733a7082e6d388e7fe77621473290b5014f58ef87219cb01271ed0115d531799c84fb467cf0dcedaecd815e85f0edfb374a49149070b40f86fd6f36af68cd8a2f0108cedfb374a49549270b087aea29616b06ca910028382a8151ba94f484555be3d150b637177404345e3cd3ce3ca3530131b586092da08f04703370e9f003837a5e2c9dec1219c35488c29c03e92aae0b10a6d2d6a36979e1957d04a64b688d1301a0e1673123106a066f7cbf83e1bc0aa30192806186d2d1adb273554c7b822da19896383de2b553f98e25e5c76582abd1fd40d6a3c5f0cc2053080941e862a221f74d7c0d21dac15d9c167750db0494d5672f87c72daed2ecca80ed0cf94d5b60a0a39ef93f2114091c91832532e145662d284809996c2ab21452c7701ace366775964d82d79165f2befebe61106613a08b3cf43cc5f18150edeb9fb7fb6a82338597e8c61e47ccc7c3114efc721df974d87628e14b078329cbfc67b5cc77a98dfd100d199c0ab8457e9e1703c3329eabd9745c8c808eccb3e9d9555c9c88aedf680f946e4c55d0ea581f19533b74794241d2c2f1ee13ca9e281880623a4c880f7d6084d8026800004c7002006800f36c6a02425580af6e025247b8adb05d97f2b31d04056372d9029085850a700c1e8dc31c0200641d11e73375212b86437247edde2e6e0a609c2422f189dee229d9299cc9d16ce0dc35b56bf22ece127f31cc03d5ed22c8f86aea844ac170a657526a58440ad1754dab415bb74dd7b39f3c373b6bb36057a173a2a5de1b007618b17372b462da0de1c2ac5cb8c00055cf0f8c830d67b9d63d3628c5923e65c290ea3a64d0127b13c0c7f0a37f4186b1a8ec79544a88da820b80e3c3590c55511404d819fb4c4668779368faf390cb1bf2d06da0c6936396e1aa85332dcf838bffb9b2d26952b8368d666ed0c648cc3c093ff006db7e795927b8392f45cbcd72263145990736eb1a2c08d1380d7b481b7930fb617ecbfedf0e16fe73e0547aaf0717270b68325803a6037ef660f4dc286869cdec14686cce9159fa9b62359d164a739ff0072a02d389b019dabfd2d00f3c1408cb928389d3644410440a810b1af6688a221d4264ef08a812a3228a1a791f60c093e0b3a17d6d9c7e76541086ab38f0628fc67078551c19f87924bfabca6b9b8c631d1d08ed587c411bda911f2f2b5c305e22e807f22b646e1a1200d02e8c36e7e2b5935d287cce9eca70ee044b9c2b5869e4a70ee044bbca91f8e95b03ea0b6c3345c23fa791e1727e83ccf58b45c06fb8762e304a4d8b9b84c7622c6bc1cb296b6dd9af138a423e24908cb919064a82180b2a37b82f7632be95382a0d5535601956ce4a8eebe82abb32d6160277306cc74951d94e1051e0491bc8e182a27237a4ad6a1a1b3c125fd5e135ddc631838ce2a38018d235acf1c8727707fa2474fa08a2e35522da54101c6ddea06ace31015a8a0038386d6147cba470152cae7ea6d88d6364b63c66cc7f385f7b32180679798f8c9ff0087c4e1f371b745f2cf23dae48da4fcc19cefa5ff001b5cbba5c26e985b68f64b939c3274218989c40572e2ada6a27d504ac11b35d2bb0a1b03e725744445b9a61600b003c4b537ecb10d550c81a912b25b9b016e50c80863ea9a1aef0a6f8e44ebd2d19a66d252d9931d138cecca9c2d5b028e4e3d2d1ec1a03c131e70aa4fc28302303493366da6f124121d285f9070d6b50861561613b89be0a09ac3de29df3b2ab60bdede2d14e6d08464ce0f8382181b6c202c5b4619aa15cf58a2584ab4c5a27a7fd12399d1d6b7c28e88f399ba9095d70ca2c6da0208c271913c2852251b71f69666b42a63dda95c9c1e5399caab8ad125c045363fb3a8b87aeba190329057a751f3119fa95b9db622a04e78b360641fb4e25343bc8a1721e84f06ff005595e2f66037d89b6b8941abf38d3beb995245f409fc105ae0817783050614776fe42a27b3a6f02d05e73e786e76d766542748e38e29db902f9426358a6568c5b41bc1814839fa380ed8a1ff0051527aae20e922fb63711905014500520851471a6e9a0e88aa23c50332a40f7aca29420a18b9b841f0ac662ca49503e527ce7a57d1f712f9dd73123ff40577ad28ce0e1375a1356d579acdc9e4bc765ca120b5333eb65b0c219dc2db670709bad09ab6abcd62cf02a4cf62a2329e78c7a250b5a601582ceb218e2d5663a104aa8e0489264ae9686886d782d4bc28152b0b6bcc2ce52117844ef7114ec9bd536fbfca3361172491f972b8ab80900241b08e2a2a6800bbdad3666c0fb46c173a423956008b77382c4a3ab10a215431d59861b490512bee21adc4288b42fe53a77e7359a0039bb6370d3bfcc0ef895e9e5421038ec167d248da617ca4401caddd3399d5e6a32a2f636de420c8db19824276f38051ee2a82e6bc1e5aec841d4b01c28060340433e396d769766c08f62646bc247164892a2682db42e82cfc57fe71c4636773a8133b20628ec1c9fb11da428916e5430f5a10f2a30825857eb1aba317be4c050b3be0237442f46b8e2c0319e3528bb07ba3eb53644be0baa5d001bcfe4bf3486c2a0b6060df6d9d9aa8c5d465781cff00cc3075b230f42363eff5bd6e7aef48187f61243f9fff001afc060c8327a86fa98c2b51c46fadebe9bed6855da84f663c1b812d8228be72384098c96c2c502d10910475f53b161ea592aae7cf0dcedaecca84e91f26b7c9cd238822c6b554afb18c4014b96e91a3d39423e0dde008a077faa14cadb7cf442a962902ce7f3839f68667991c69d21634544f35560101401425cedfb374a49149070b409349ca83e34ed105401fc1f3c373b6bb36057a17c7e786e76d766c0af42fa944409a998114050e432f27ed0a611226eab90f36bd6f36ef61cd82a7201ae3fe7762147329195285f9e1b9db5d9b02bd0be17f915293d2782c74a3c676fd9ba524aa49385843d32aebfb851c09805d2e9003b5611fd8788409b3cda848375dd1e74bb7596fed8c206395168dadbe09dfc8850434e4c9b642914690546937c207218163ac6cb1c008a82f0dcf6781f4858cbf7fadeb73d77a40c2817037fd72d45db076a971ca17d010c00f514c083fa122226212941840f2b68e448e83f96431b802ad49a0a10082209854c1d6bc108284ce070b6446e76a3f8d90663876f01ca7f4ae591d68fb9ddc9ad1504e56d59ee798c0cb004c9578d5e90116501ae23b883cdc77dc9506d95ee38868063d12f7187a20a0bc1b3bb4563a34ecce60abf8e818c0af21e60928460bc6cedd036b03e250416989587fc895b0abbdad1e9356f0c865d7a1dec3795ce40aab71534d02456476e885a6d0500a1a5080d27ddba7be839587f51cb63e9bc00b39a6385677834d03b37bc09ba0f1c7258085c177ed26535175ea9c9a802e8cd22ef95b4d5da3695def255745856a174d2aafb83d35bf3625615c504883839a6a25da8944b45f3454de5852b0d3807b57fe44001555d0064ab20dba425b69dcfc050bc0536d54433165b851af7b56e6ceb36844cd5111b0f62eb64e6a64cb5c66d31e6f29438e69316becee9ab5464bf87f48809febf80d7ac581b2098503475df0785d6f71bf449b31493119f3c373b6bb36057a172f44b11785a82c6a3865ae33698f3794a1c7baa885de41e45448c6fdb9e01841fce8db0cab409d140c69232c5b2e75d60815b428ae4ab95a316d06f0e1562e596b8cda63cde528718cf02a4df42a2329eac0d8e104a28e928d67f9e3ef8af877d7f86f189c2cee756f45340fc2e9369b25d29e77270791e187bbb14c44443708072519f0e52eb48016c78cb47626d27746b13839df62f9c7818c44408d73ff0057d35f3ec86fb61c3072e8e1378dea0fae6d460a39b40d9240ad06c5327a9505610440e2805ef46e7004667a00a61eb5608514a2f2394b87f75ef910240bacb8bbb1093385145f2d5237af33da58b44901170cfe5dad56026a5b0c0220401e441f8aaa319cea0728e309cb3162337c6f1d897d944373f3fb3396a92dc54cb3b69994223e7f5430c0494593d4841458636a222def6d52315561f8c38650458b8346a787fa7c385bf9cf8115f990799ced828c508de02898fb6199bcdf3908c343ed1b01db60fc001571ad20104350206a14bc9ee666855fb20a4bd9809491ee2b6c1765f36b0c1dd1e16d056c4e77c25ef0d242da94da5fa72e5ed552f8a984b819ece7b17ce3c0d6062856391522df62a2c42bd3bc7dee2906ad5054001ebcd181e3fd0c14268c7139c20951c02000b3585bba39fa9b62358d92d8f18809f5779c4f816b12c375d021db1a75ad4d861b70b2f295b457c3aebd2d19a66d252d993167455c6c0bba3de25e20e6fc1d121d3b9c03354e8844b8b5cddc035ff3248a024b492e71fb58d8179512a590802ded552f8a984b819ece7b17ce3c0d60628563965c24f3fb526c4c42c11c75bd7db52046067a5226f042e93a00a2aba58b99fa59b2d9b23abe02a30d1b82cb24643c2907e95a170862c388f0d8273c2860430472bc3005bb3949d6d39a49a5699aaa885f6c1dcdd938632d719b4c79bcad0e3b0d2074ac209a5b6db1197ba5a8a84f400067d724dec91657508c2e2a08280742724453aa110d029da4eb0208211dab6e71ef81ed600ae441118e6efef576f042752ed40196b8cda63cde56871b8bbe74ce920b4144e07d6cb618433b85b6c6854197d173a19611185193178243b6db4317a25a8bc2d496355c32d719b4c79bcad0e3d8471ba01da60354298618a047a212f4acfe632d719b4c79bcad0e3e52107844ef7115ec9a978502ad61697985be895d6dd01072250e9b34b1ddacad8bc142ca6a3e1a978502a5616d7985877c0f6b00070000043f33a3a3290412d86058208f785c40c1d8e8680db6a06df68c6422dbde1800b1860ee9f463e0281794336baf70bc628ad078d25a63618e1ec74b015e48200f2f99d08925a086f8db70c2aecb50314e925f0fa491b4c2f948803bfe5a04a540c6b0059ec21fb0f5b75e852638fd37129a208e07384fb0876c1d6dd7b1498e391278b84b4290f21a316cf2fa53e0e631953075af0428053395f4c2a05e0539801e9f29d06b06235acd08e352282b03b0190dd10a22344c22a6fc07a929a556a3661ad9a4693c7fc9694157c102cac35b21563cfe94dda092b4a46d59b6fbd43a4ab4dce8cb0b91a0a9aed81670c67be3273a379d466e08aaee4b43e19504299ba4b98c2d4abbca8bd6094c048226a41212d1acc9942d60cb77ce3eda5859a3299e66097cee19a7740104ee91fd2b17f1e6ed741c4bdf017c516e4799b80392201c73a93cd94127f5eba7f3799bf5651fb03e57d5a0e84d88915405434298f5f7aabbff00efc2498c836e00d0555a1d793fd0cfff00f667dc63fec67fff00a33ea3d9a808b1bde1020e7de19a50f692628c5db3dd3cbfffc40029110001040102070001050100000000000003010204050612400007111314205060161722233241ffda0008010201010800e32bce0f1ca48c1c53383c828e31be6df5bac48ea465365879b25ac67ae5505d5d25f1d31582eb192c8eed9e772b4e4127af21ec086b62eadbbde8d455589666892ddaa9b1a004fe48fd6caaa3cc0b827adab8f0c2d08367678255cc92b24d8fe0b555457161edd53af038006a694fc46eefc5074772eae07043dd24732106d7a7d3cbea5f244c78ed259ecc6d8ed8e2ed8dacfc5665b478ee46921db4790e568fea732ad23c92ab1bcb7b78d10a8c76ceaeaa091a269a4d4d30a4f8eebfad6c496f0b76f03976e38185e2eeb161ca7017d7983874ab838863e5f6192a9e41584d9d04cad6b4043cf0e3e79ab2172b9e2956043076f0b9913801609b716459b29d249f6c3cdd1b88bd6aefe1cd1a3c1b3b5cad23c850b7f5abf887250c161136ff00b9d17fd7be638d49a4b8440e2b5ab6d2daadd99b181dadf1004bcc24b4d56be3eddef46b55ce5af3a09109419daca9838eef5c9b0d05a1444263989c6acd7d9d9b2a8a29cb30322c6c8e88d3ede64569c2f1383caf6abffbf1fe5ec0ae3f7c7f885a4e6c68ef33aa2ffbe7edaee2e2fbb0eed8ea6c3c916b5dd4c8ad30d58ec63107c022bc9b8bd047f235b715b52c91bfb9f52de863cd6e92c58cc08d06cddf5fab6b20a28ee78b15ca493642b19b989685d037937668200e9ed6e63e16c138456fdb919346191cce132b8ebb54722fc0b29af1cb2e904e795cad76ced1242c77f8f875bcb967546ee32a9ae081ba2ae4b4d18646fadae0f24e7791951829846d46d9d6cb8e31ff002a63805ddd52d58a45566df24a759d1fb5c440a8c4d62fdb615aeeba5c7635ba97677164d8719e775265a53ca401b7f8fbd57be9c654f56c022a6cee713b1b88ae8f0f16e5c5ff0096c91c2a2a2f45dbc67bac955c48524b1a62447facb653ba43d3828e9da4e92367864ab7181e909b6392ff00c9ea453bd49b784d30c8f5835835f3b5c9f4ffc4003a11010002010203030905070501000000000102112112310003412240511320325061718191c1044260a1b152627282a2d1f07383b2c2d3e1ffda0008010201093f00e21a65163dab35028b222c58b1d360e692d8d5d42e5265dab3520a926244891d342e2d6c8d55fab4d48fbebdf93889a6bb5d3fbe7d85fbf38f365af4037e4c8ca9eb29194c85af6a578dae5a358a3e4c94a8eb19390c258f66558debb9f2ce6510a18c64fa11c1a86be1faf155e45d8227a70e910ff2fbc6c70eb849adb0fb1f1f6f5bcf89c5848c47c2f7f3a04a12293c41b32677cf112308941e02db973be7ba72d7992ab49ce37451e8c836e3924252296e4e2eebb4bd43bcc0abbdbafe128aeb68aadf1bda63fcae052c31579f7a71f781f9fad0b7972baf1e20992da4aaff003dbc7403e5f85654a5ecbfa0f12b42f64fd43d6baa3387655631c5f6988c8e65d5e94853846b3c6a94f99d91184b17d9b35f94baad4e8c65705f74799af9bb69d3476981b97d38e6732c697b3a47c174fd31c2a46b7df20fd7bc736b5c46b4f897fb5c3ab4d66ab7076cf8f9da610896cdabdfd13af8574cbc699c245932aff86b7f1be9b774e6b09f2ba696575365b9e375c7da24464db1d12cbd7b5d07dcf0dc2495d3603e9de21cba8440b1ba0acf6b8a196e1e8e001cdb80f1acbecaf5dfd9e5e4c72921957ed68a1af1ce0ce4e3991912e979f8c5c8fb13ba72f526fb9d071519744bdb7e395f9cbaff00b7c15a81f997de08e9f0d6794aff004ebfede7de8e637cb6f3fc3fcae3dd4f108072919ce011cdde2b692ec94fdec7749311239319a23969c6738e3ed01a09269a932732ed0c36c57669cf5ef0d07119c62e9ca3a7fe41fd1f1e29f2974909c2a865f7d756dd3ce931797a8c564955fb9c50e70b8f064ea22769ba8c6f4c4c141a9f9f74e6699a06d75554888de078e7b388dd3a9fd6687bebbc5d4c46b7a4ac71f6894f96388f68f7659ca257eec23f2e354a65d5e9c5e1f4631b6b172b7f08ed12f877bfcbe9de732eb8be97b08afe87cb8291a7c2f1b7b3bdecf1cdf28d01ecabfe9ce06e5fb53962bbc4d8f3433853d9e8e46ba9d38fbad5fd2fad7d7d6a67c4c3f3adb8280fc230d723a5d29d6b0e6ad0eae3177c273225aa2540e8346eb8d2d356bb53de58c89d5d618b2aade4d96d3b26f5575dee312e11bd21f26ba9e1d3bd4bb7190cadc3e358bc7ddfcfd796b169cc4cff003487e9c45f9c1fd257eb59276e5d7f79fefc497b32ebfbaf740798160dd35b984a52c1d86971c6a7971cc999212ef491babce5731a286d2bbc492529015d5a5abb8d605dcdab875128c51f1b06fe3e74e21292e6fafc389c58d2357792ba9dd1a975c3c1a754d4f6c7a6d7c6dde08a58d48b8b5fe5fc38ca01f23d788d34fb1f0e103c6f19db3edee9b44ffe71022caeabc639472f4f5074e6cfe8fd78f67e720ee902569a950037ebe2860be22730e561aa8a588e17b52eaa55d1d93bcc939634017f3b10abdd37ba431c4b5452e3f9ff0064adb6aaf394e75e58ebd57d6a84bf871294a77bcf5dfe815f0fcbba72e138eacead377478ca2f1c8e57ce3ffa7054b5375b5de76c6fde12705dab67c33a47de4b6dfa7123caa6239c1d5baadba0bd7af9bfffc40029110002020201030303050100000000000002030104050640001112132050071421162223316041ffda0008010301010800eb58d350f52ec3766d3508532c2be3745d487297212dd9be9a637198d7399edd6ae0e42b83e765b838fae6f1e1e1c4a6826236e09fb0199e3d7ae6d60ad795d6d790aa323bbfd49b56a99631bedc7e4df55a2d4e4324fb4d26bb875b3d694b850dfce5ab4100de381c8cc4c58da724d3961ccf7ff23a5e856739ea7a1a96a6fcc3cd08cad02a96995cbe4fe8eed48c7da6a5faf6bb435a636fb72b7a6d5a63e7fca61f51bf7952d466351bf4550d7fca689b2163714dae5bcec6792c52ab8f0f2794b4a2395a32793623d61c4dc2b15c5a5c7b9bb429c4beb1390fbaae2ef7607295ead729667b295ecd61f4f879dc6dc7118aa9c65535613185a868aa0b3e3d9d26a3584c2c6535d5ad080f9b7ea7e1111d5bc73d0530ce1d1c0faa98697e9b0eaca656c209e3fe956f7f1f7e26fa6fd3f266408682088b8659a2c7e185e25b69651c471c711999ed076164cee190c042924c8f6e233a750484727986dbede7c33c925b4a2a3ab62b175e64ebf1d0e959c1c1ed7da3baf23b1d8b21e05fe43154bee6c0abacb60d215a5abe43ac769ed086f9c77e5d0ba55db0c1cbecb16152b0e45811f2ea9ba4e27bfca3ab8b23b488c0c768e5c8cc7f7f2940009c307b0631684c4cf256e2ed125cb5d96b3bfa9c91a3113131f3657422663a8bc3c488efd12887fbe7fabe265d1364ff001c4a04b870cb363ae84aa393a1d8a6ab8477333e1f78df0f6bb1e6453308c7909772e198cccf59e703653e98f7edf9e3c39c13e4a8efff007e6e0a27fa92888efc4c3e34ae59040e6b55aeaaa4fafcfad3f82eadcff1cf135dd8e862edc58b996ddb0b149b5e62791569b2d09142c880fc27da708f29ea61113fbb87b22f1c463f76d4613f1e4881f01f1e3ae0a267d3547f2772f67fffc40039110100020004040208030509000000000001021100122131034041516191202232507181a1c14252601392b1d1d2046270a2b2c2e1f0f1ffda0008010301093f00c4ae2e6f575caa084590921cd4a696344aeae55132fabae514062495932cd686b414caeebddab118b20bcace9af55491a6b7a49d1a1a699923d954937f86211018afb5391175d012a7e8c72e7b2b3b22fb1174365a3d92bc6a39b25159d897d989a3b8d3ed17e17c9cde18dda29f8a5bd3855ce6eafe1977e60b94900eeba060609528d3eb70d36786ec65d80a84a207e59118b38cb2cb883a4c8a221f86d0647874d8f464c6516c7b294e8e9b698932949b5ef456c69b7292329b0c632f1ea3895837541afc83986931c7e2664cab992e274d1dbf494e31fd9b11cd7b4f36a50ed976d37df128c651866f5ae9094635a0fe6bdba61b78739454d9caa5fd3de92211e30549d8946eafb0e671c632ca281716c75cb10564a86ae5d0db5b0a789294bf795fbfe958c720d5ca7086a02867946e84babab3be231c8b5719c27aa2839252ab06aeae9edef535e22ca096d322316d0ca5111d2563a2183d6e1a4e6b9b5624a253597524ef2b5d0e508e5877bbd87a63870aab0d6d3c35c14cbf9f31c3bcaa7b5d9aed82b35e9beca7876f4a4b265ec9e068fe5d6dbeba1a6249225ecbe26adfb2ec575d5d39406323bd74ac70e2c828966f2d2ba7c71ed06bcc4a77255d4eadf6c160e8b798dd4d2a34aeb71bf54a4d6fdf7c4333e1a5f6cd7f6f2c452bcbcf67949e51db6f86b728f67cb1c4fa47faf1ae553c9ae62efbe5f57f7afede9ef1d27fcfe7bfc6cc3259d918adf9fdcdba7291cd59b4df6cce9a9ae9a6b884e12cb7a811d28ade4ffd798df0c5917a597fe9bff37cba62ccb5f8896e87e1db7ebe9447353af736f89f70d70052ba1bb2ab5f8d1ca70f344bebbdde88c6426a98fece424956653cf2c22a75abe9cc6f147cb1c3232efa3fed1f3938a077abd7cd7e95fa47affee0a6357f36bdea0a77c4089275fa3f6f8760e65a71d3fc07728f5fe1f5f2df1eaad50f57abbed5d76db9aa6ebe57f3e7193526afedcd6e7bf3a7c3ee983ea7f3e54f7077fbb8f1fe0f29797ad62b33a149d375aff875e6787fb4e1907a12cadc6a596423f97534cd7d310c91cf2a8fe52da8fcb6f4937c3672b3cf978501d2b2c8bb8ea175df51efccc98cbb8a7d4d70dbefd74e51accfd02dfa18e232c95987b49a1343afb83bbcac900680555d3f82ee989309717d9b1472a4a269b5f97f7b994a8f4b07e42eb5d685f4fdaf0bbc6fe37ca491ad2b37d87139fcf3ff004e36a2be1cc6a61f5bd1ffd9),
(2, 'Rosa', 'Perez Ruiz', '2010-09-01', '1925222', 'Lopez de Hoyos, 10, 3º A', 'España', 1, 'jlbu@gmail.com', '917724822', '2020-07-01', NULL),
(3, 'Rodrigo', 'Perez Molina', '2017-08-08', '32321233', 'Lopez de Ayala, 3 , 4º F', 'España', 1, '', '', '2020-04-01', NULL),
(4, 'Tomas', 'Perez Ruiz', '2010-08-08', '32125533', 'Luis de Hoyos, 3 , 4º F', 'España', 1, 'u23da@movistar.com', '', NULL, NULL),
(5, 'Jorge', 'Semprum', '2010-09-11', '1925233', 'Lopez de Hoyos, 15, 3º A', 'España', 2, '', '606353433', '2020-06-01', NULL),
(6, 'Pedro', 'Sanchez', '2000-09-11', '19235233', 'Moncloa, 15, 3º A', 'España', 2, '', '', NULL, NULL),
(7, 'Silvia', 'Garcia Sanchez', '1994-09-19', '135233', 'Vinateros, 15, 3º A', 'España', 2, '', '', NULL, NULL),
(8, 'Almudena', 'Garcia Ruiz', '1993-09-19', '11135233', 'Avda. Moratalaz, 15, 3º A', 'España', 2, 'pabede@gmail.com', '917724422', '2020-02-01', NULL),
(9, 'Luis', 'Sanchez', '2018-12-02', '232332', 'Lopez de Hoyos, 55, 3º A', 'España', 1, 'psanche@gmail.com', '606454534', '2020-05-01', NULL),
(10, 'Abel', 'Perez', '2020-12-01', '232', 'Lopez de Hoyos, 225, 10º A', 'España', 1, 'pabede@gmail.com', '77777799', '2020-12-18', NULL),
(11, 'María', 'Rodera', '2017-07-02', '2322', 'Sanchez de Hoyos, 32, 3º A', 'España', 2, 'psanche@gmail.com', '3232', '2020-12-17', NULL),
(12, 'Pedro', 'Gil', '2017-07-02', '2322', 'Sanchez de Hoyos, 32, 3º A', 'España', 2, 'psanche@gmail.com', '3232', '2020-12-17', NULL),
(13, 'Silvia', 'Garcia', '2017-07-02', '2322', 'Sanchez de Hoyos, 32, 3º A', 'España', 2, 'psanche@gmail.com', '3232', '2020-12-17', NULL);
INSERT INTO `CLIENTE` (`ID_CLIENTE`, `NOMBRE`, `APELLIDOS`, `FEC_NACIMIENTO`, `DNI`, `DIRECCION`, `PAIS`, `ID_TPO_CLIENTE_FK`, `DIR_EMAIL`, `TELEFONO`, `FEC_ALTA_CLIENTE`, `IMG_FOTO_PERSONA`) VALUES
(14, 'Almudena', 'Ruiz', '1990-07-02', '2322', 'Sanchez de Hoyos, 32, 3º A', 'España', 2, 'psanche@gmail.com', '3232', '2020-12-17', NULL),
(15, 'Tomas', 'Mendez', '2017-07-02', '2322', 'Sanchez de Hoyos, 32, 3º A', 'España', 2, 'psanche@gmail.com', '3232', '2020-12-17', NULL),
(16, 'Jorge', 'Sanchez', '2017-07-02', '2322', 'Sanchez de Hoyos, 32, 3º A', 'España', 2, 'psanche@gmail.com', '3232', '2020-12-17', NULL),
(17, 'Sandra', 'Sanchez', '2017-07-02', '2322', 'Sanchez de Hoyos, 32, 3º A', 'España', 2, 'psanche@gmail.com', '3232', '2020-12-17', NULL),
(18, 'Manuel', 'Gil', '2017-07-02', '2322', 'Sanchez de Hoyos, 12, 15º A', 'Alemania', 2, 'psanche@gmail.com', '11', '2020-12-17', NULL),
(19, 'Samuel', 'Rivas', '2017-07-02', '2322', 'Saturno, 123, 5º A', 'Alemania', 2, 'psanche@gmail.com', '11', '2020-12-17', NULL),
(20, 'Esteban', 'Iniesta', '2017-07-02', '2322', 'Avenida de America, 123, 5º A', 'España', 2, 'psanche@gmail.com', '11', '2020-12-17', NULL),
(21, 'Federico', 'Jimenez', '2000-07-02', '23222', 'Avenida de America, 23, 1º A', 'España', 2, 'psanche@gmail.com', '11', '2010-12-17', NULL),
(22, 'Jose Luis', 'Mendez', '2000-07-02', 'ghgh', 'Luis de Hoyos Sainz, 108, 4º B', 'España', 1, 'jlbuenome.andro@gmail.com', '60636g2254', NULL, NULL),
(23, 'Jose Luis', 'Mendez', '2000-07-02', 'ghgh', 'Luis de Hoyos Sainz, 108, 4º B', 'España', 1, 'jlbuenome.andro@gmail.com', '60636g2254', NULL, NULL),
(24, 'Daniela', 'Perez', '2001-11-06', '01925222', 'Lopez de Hoyos, 332, 3º A', 'España', 1, 'dire@movistar.com', '917724822', '2020-10-01', NULL),
(25, 'Federico', 'Jimenez', '2000-07-02', '23222', 'Avenida de America, 23, 1º A', 'España', 2, 'psanche@gmail.com', '11', '2010-12-17', NULL),
(26, 'Federico', 'Jimenez', '2000-07-02', '23222', 'Avenida de America, 26, 1º A', 'España', 2, 'psanche@gmail.com', '11', '2010-12-17', NULL),
(27, 'Federico', 'Jimenez', '2000-07-02', '23222', 'Avenida de America, 26, 1º A', 'España', 2, 'psanche@gmail.com', '11', '2010-12-17', NULL),
(28, 'Federico', 'Jimenez', '2000-07-02', '23222', 'Avenida de America, 26, 1º A', 'España', 2, 'psanche@gmail.com', '11', '2010-12-17', NULL),
(29, 'Adam', 'Perez Ruiz', '2010-09-01', '32321233', 'Siro, 32, 3º A', 'Francia', 2, 'u23da@movistar.com', '917724822', '2020-04-01', NULL),
(30, 'Adam', 'Perez Ruiz', '2010-09-01', '32321233', 'Siro, 32, 3º A', 'Francia', 2, 'u23da@movistar.com', '917724822', '2020-04-01', NULL),
(31, 'Adam', 'Perez Ruiz', '2010-09-01', '32321233', 'Siro, 32, 3º A', 'Francia', 2, 'u23da@movistar.com', '917724822', '2020-04-01', NULL),
(32, 'Silvia', 'Garcia Ruiz', '2010-09-01', '32321233', 'Siro, 32, 3º A', 'Francia', 2, 'u23da@movistar.com', '917724822', '2020-04-01', NULL),
(33, 'Almudena', 'Bueno Ruiz', '2010-09-01', '32321233', 'b  bbbbb buebnas', 'Francia', 2, 'u23da@movistar.com', '917724822', '2021-04-01', NULL);

-- --------------------------------------------------------

--
-- Estructura de tabla para la tabla `EMPLEADO`
--

CREATE TABLE `EMPLEADO` (
  `ID_EMPLEADO` int(11) NOT NULL,
  `ID_USUARIO_FK` int(11) DEFAULT NULL,
  `NOMBRE` varchar(20) NOT NULL,
  `APELLIDOS` varchar(30) DEFAULT NULL,
  `NIF` varchar(14) DEFAULT NULL,
  `FEC_ALTA_EMPLEADO` date DEFAULT NULL,
  `FEC_BAJA_EMPLEADO` date DEFAULT NULL,
  `TEL_MOVIL` varchar(14) DEFAULT NULL,
  `EMAIL` varchar(30) DEFAULT NULL,
  `IND_BAJA_USUARIO` tinyint(1) NOT NULL DEFAULT 0,
  `IND_BAJA_EMPLEADO` tinyint(1) NOT NULL DEFAULT 0,
  `NUM_SEG_SOCIAL` varchar(12) DEFAULT NULL,
  `NUM_CUENTA_CORRIENTE` varchar(24) DEFAULT NULL,
  `IMG_FOTO_EMPLEADO` blob DEFAULT NULL,
  `ID_COD_PAIS_FK` int(11) NOT NULL COMMENT 'Pais del Empleado',
  `DIRECCION` varchar(35) DEFAULT NULL,
  `COD_POSTAL` varchar(5) DEFAULT NULL,
  `TELEFONO_2` varchar(14) DEFAULT NULL,
  `ID_PUESTO_TRABAJO_FK` int(11) NOT NULL,
  `IMP_BRUTO_ANUAL` float DEFAULT NULL,
  `IMP_FACTURADO_MES` float DEFAULT NULL COMMENT 'Importe mensual facturado por el empleado sin IVA'
) ENGINE=InnoDB DEFAULT CHARSET=utf8mb4;

--
-- Volcado de datos para la tabla `EMPLEADO`
--

INSERT INTO `EMPLEADO` (`ID_EMPLEADO`, `ID_USUARIO_FK`, `NOMBRE`, `APELLIDOS`, `NIF`, `FEC_ALTA_EMPLEADO`, `FEC_BAJA_EMPLEADO`, `TEL_MOVIL`, `EMAIL`, `IND_BAJA_USUARIO`, `IND_BAJA_EMPLEADO`, `NUM_SEG_SOCIAL`, `NUM_CUENTA_CORRIENTE`, `IMG_FOTO_EMPLEADO`, `ID_COD_PAIS_FK`, `DIRECCION`, `COD_POSTAL`, `TELEFONO_2`, `ID_PUESTO_TRABAJO_FK`, `IMP_BRUTO_ANUAL`, `IMP_FACTURADO_MES`) VALUES
(1, 7, 'Silvia', 'Garcia', '019232eeF', '2018-02-01', NULL, '9165464646', 'jlbuenome.andro@gmail.com', 0, 0, '12344444', '3213213123', 0x89504e470d0a1a0a0000000d49484452000000e3000000690806000000c8a594f20000ada149444154789cccfd77bc65d95dd8897e57d8e1a41beb56ee4a9d73ab5b2da9915040482009b0102040229960f3c0e0c16f8cb19f3d1eecf18ce1793cb66730c626c9082391c420841048dd42dd5237ea6e492da973a5ae5c75f33d61a715e68fb5f7b9e7deaaea6e21f1fc567d4edd7bcfd967adb5d7fee5281e7bf4afbc073c1a63464476c8ca998b9c39ff18eb03c3467611170de8f4f6b35656447e9e7e7e143bf2c47a9d360b383bc74095283920cb1751d16e94072d22acb060237454629c20d19ab9f446a228c55280969cbbf00c536917ab14fdb54b4411445a63b9c0747a33fd7c95287298c2e1bca2dd9ac1da0c49441ea7a8e21cd2f420d21821903a61949fa397ec23b78b4cb7e7d928cf21a3082a472a7751448e22bb4037bd86f5fc18f3ad6b5919f59971036c9292177da6e6e659dd38cf5c7a3d1bf63c2d628c58474a50620f33b38fb27b6e195f4aa41248014280141e210452081c0e2fc07b87561a6babfa3a097884f0e03d4248840021250809ded10c81c07987731e81c07b8f9002bc407a057880f0beaff72025d44fd63a8794cd651e7c5847123e17611124209a6b002f25ce03383c20bc404a85c72305e0c6d32100af7c98c47994967813e6d14ae285c4e8040c785960a31f224ade0e1478eff1dee1f1780fceb9f11ec0e3bdc7855d866b9dc3a31061d5fa3665fdd32304204538033cc6582221c08154611e64b8694f7dfef54d88fa3d2555381deff00884924811e6f4f5b9c65104109e8b1713cf0194920821f01e84a8f75eff2f950ce72da8efca201068270d388bcb470c964f70f4f85f71291bb0ca0b4ced98a5522b687f00d1e9302d2c3bd26b38b1f845f4d43df4d72f323d55b1a3770be7062b187f16355c61a6bb80351b489320e218e524c6e40899a2dc90eb775fcfccd45e86f93a52b4d9b53ecfa858a6309ed9aa0dcea2a298bc6cd34a227aee20a8357c2e10a28b6eb7885c4e612b4a7a7498676836503a428b1e484f596a7ad13e32e789a294397313a892f5d122491a23e922aa0e2a8676b18b5622f19563561da2efce32ed0e11c59ececc1d7452432b3fc44cabcdd2f0d3745abbe82ac5ee19c59416cd73c5e311de235d8d11223c182f02c44a65f15ee29d0f4f4108c2b7fd26ec6141da00588c271eff1a2604640022295cfd88c524f822b063dc0b40515f2f1b0071b87a4e2118233a1ea4902004d63b84f0b89a2e04980a7bf335de05d0950821f138100139a470105103bb05248212a9c3f5d627b462579f81c67b81100217b03f00b0106362e55c4d40840c73e2c687e2bdabcfa63ea31a4dc5e6a6c3fd3b1f30a0deb598f8ac214840783ee33f6a041a3f645f9f7358570859bfed6ab25613ccfa050eb9f930eb7ddab0474f20d44e22008d1530322c9f3ace93673e4a9e2ea0f6b7e999590ecebf831716ff803dd10e6239cdf260443b6e91da36d7260b0ce6729e39f7e72cad9e66a17b275256c8aa44e619d60f509444720e5bf5f1a644270e67d6716688321bb4448e77e0b321c22d128b04a1cf93aac394e62291d068e5c9cc0bb47c8a8834adf64eb2ea49d6066b58093bd25ba8fc1a9d748e325b22d1234a72d2a843a457c94625855d2196868ebc959c55bccd29ec19623f87192ed38e12a27205659610629ac45bba125cb9412c201b5ea0100ee71610b68b2b4b847a869658473889c5d480130ed7a91a69688091310505810384f76320682868e0945be0ace61a356e7b3601c907e473de8fdf6bae0bc8b2096c52806d00ce6d526f2fc4041d10e3bdba893dfb094414f55aa259774c27fce6855e8cef61933808a4070508a930ce239cc03983100e2f14388faf1139cc175847e0422eecd73a5ccd99647d6f13548c1a6f03716910a0a175bee6ee35d31582e640c39a32ecdd3b579f891f9fa5101e1bf027100ccf04dad548e5e5781fbe7e6e0d75708c69c2985834b788a80521efd16268b878e1142707cf33985ee1c0ce3750d821ebc365165a7b39498fc5e27974d666c78efd38719642589ebdf0c754be4bab771b47a6bf8e72789e7eb182710aad7be485c17b813360ad0195921b81358ed2c47839c57094a15545d449c9460a6d0a6474082f2e4259d04a7a646581f473586db19c666d7011eff6b13fd5aca1e98b3ece2cd3d61a238754ba475955244a302a2f10e91659e9c9ab6964748654698c4fc9fc08e259caa1a7eb533c7da6c441f029521a9cb3f4fd3a73dd2394833e090595eb93261d12b54a6fea39a48af1c206c46800611302f163b167f33d2103503aef194b8ec2b3e55935ecaa1623a59810051b8415b5483a86c29ae8fb2d13d5d36cceef9b5f6810b7165b838c86905be7181382e6fb975179ea5d6dee8f662e363928c28fcf430a1b445a82b82e9078e9c3779bb3106282bf49500dc2bb9ac84c88f14146ae7faf89819063b1dd0352d4e27c8d78be46d0e6cebcdfdc3d32acbcb9f90944f3352195f5febcdf72a6cde390f5fa08d1cc5a4fb0f5f98ce99e10e851b9caa5ec3c716f1ab191e2fc00511518dfe7eccac7199a1576f6ee636f743d178a87592a2b96e512d3fa1007a75ecf99f54f7171f4381d3ae838a63215ce4a7081b2396fb0182412ef15d6829319d8922acf51ad14e9632e0d1fa3320991ee503a47cb577484a2b28e542b70338c4a83d2d0998e39d7877634cba83c8df4bbb1451f63bb282fb0a28d88bbf4871791d2202349572ed077a740c568334047736899834ef1a2c5486cd08ba6c8dd2a89d8831705da28f2ea28b913f4a676b03afc22697e90dd0b6becec689c07e705d2bb9af24d3c15c9f8814a261e88df06e07e93a26f3eabcd3764433db73fcc89e7cba6d43bfea8a1e8e34b1be49cdc658d88be064379a579b703da04826eb97612e4fce6ba62fbba0de2d7002ec6e427ec62726f5bd6768c29899062f2caf13e02223622b90d5c4b06cee5bc1b5f3a964668f4ed4d91423437d85c5b7f414e6c6693f34d1ce6f683aad798d8ded5473d973e79e1512ee49f642eb907419b4bcb0f5115924a4c937280443dcda87a8ef3f917f17a86bddddb58baf40cb3c91162b344b7da89cbe719a973a4dd1ece1abc33680fda470817618c466989940a95a4286911ca53991c33aa989e9d452ddfccc89d6546cea3a2941603326349e336ca4e51d95374d52ea25833d8789e8ebe01ebd668390338623f87d339c25478bb415e4057cc60aa1c1b29f2ea12520631a894039cd508334347ae5118885bd354668077064445e6dac432a51842da828db50b38a798ed7d8ee97403695dd08b84afc595cd6317930f8e09309de44a57792e973dd3ab5d78b5b11d49b6fdbd05befd56e41c2359fd9d0670c72255434426f1601ba48d0982dffc29045b10d57b8f97b6fe5d8c11fcc5eeb599d73504643b91a8ff77de6d72fb09cebf6534cc5bd4e8df502fb61dddc4cd34dc6bf286839a21ae88885fd168d4890d0ca7cb9cf5c220558fa47713f33b6f66617a1f225ec1d122af2abcbe91cc399ca9f04ee0e449fae50b44f180db8feca737d521d16d8491a814500eef05d63a221513c91ef836d67aac49b03ea2d39da39d76a0825dd3bbd9d5d94957f6506e9d48f5686987f4a06501bea49726e4e52ab1dc83134fb3327a9c4ac6c896221347898522534b08efa9fc79ac92743a7378a7b136a5246226de81749e386e23dc45bcec50b80d6c65e9442d2a2b897517d4694c94d04e470846c41a5afa127b6757994a01094e0884972ffa2c2611537cc598d588539bafbf89b11dc136171f33cfad082daefe1a736509520a1aa3ae77e06c3d4163b6adf5c14d72e5b7bd2637191696525e15f87d8de8505b939bf726f5cacd5bab8d3a6e7cb87edb2137c28ea8c5ebf16782b18169bb3430b9e6f82e5eecc14d7c26adbf44afe3d839a5e8c41253ad50564791b66479e904aa1ab14f5fc72b76bf11edd721cee8259256b58be9d6ab58ae048f5d7880d56a99d21a844ac98ca0b415952b71c26285c3ba02e7339c28408cf042d6962847598e70b9c0fb942143bc48298da3c83628fc3ab9ab50f11e0c19ca6b84505c5c5944b11f5c8baa1a62c54eac1d60b3ddc4f14d14d53495756c548bc828c64a81945d32bb0e658aaf04513a87578699e9c32cb476b25c2e33d7dbc7b0ccc8cb186162cad262ca08459f03bb04ad18bcab2d926c52e846446a1e86733507709b003279ddd5906b3bf2bd34328af1cb7bb1092f0dd43981f09b2f265e72ac2f5d79eeed88d698e21bdbc415f73786d74d7d4fd432b950e1a71316ef4b9cb7782a183b2e5e1c662751546cfbd70c29e4585f9b349e3567bfb9b72badb1f9ac0261f19bacbdfebb99c3f980c4f2450983abf5d2ab1cb2df2413de7be45ab586ad14e7162f3118ade2ab84615fb1522e132777626d8ce102cb1b8fb29a2ff2e5338f630ac7927d90423c4a275a638a5d447449454a27e9a1ad47794d1a59225b902089238517155648a415e032a4b03807a5f17857a1e52c5275e9d221d52b18dd61561fa270a7581d7d914bebcfb2523ccca87c069fcc12b7f6a3a30c9b2f1361a824f464895347496444378a11a546571a2f07a451443f5f258d6f645fef067296a0f2cca53dce0f4fd18e779367cfa3d42ca99823691b4626a7ac04a95a64a1d347098110062918fbe95e1488f0db9ec1e50f6f1281aef6fa9b1c9370d270b1171b93db99dc5b8d7ac130e53cceb92dae8a70161e61054268948c02411ecf23265e5b917c7c0e2fe73c6aced5e8869b6f0be4843166fb90130475fb6890b441d8add6eced0721aecae303a10e88dc7cd7d5be23d9ee4ed192fbb96edfb7e222cbecf40ddc70cd7710a56d0eecb991f9993d9ccc5ee06266996ddfcccd07be875eeb06bc3dcc701093e7055a49a41e11a9184517251c423abc94482571c2e33128e989a42689a7115e11475da6ba3b89a218a15da09626c37ac320cf4852cd6af1284353e2db730c99a2f4fb59ce96994e7612ab0ca562b41e91a0b036239786bc2ac1168cec1a56afe3a8b0f945e26a9efd735f4f772e6371e34b541b6728e4054e2f3e422a1d55f12c5a5912fab4d38cc2ac91a4bb519c6176ba8ff615d248ae845097c1c304c794724287fc2a65cdaf546cf5dbfe5d69be973d6a6478312eed69b8f3a64038e636cdff4221d00819238466d36f23d88e90cd701362a41f23f8e46b936385cf3d42ca0989458ccfe3ca63d22aba559a6910c83bbfc92d6b1392776ecbbebc739bef5db602e3c3b3d606374acd6d3da0f3e112be84c8a7c4788aecf31839406503d62f9d65257b81a9569bb976c2fac61a4b6b1fa57043623d8b62075aaf31722728ab1173dd9b89754a51aed566c00ed69be07bb31e5b95205dd0b324147905541893219826521b445653c898918c19ac3f4e2ffe7ae67b5db2c139e6670eb29aad32afef20166b149545ca04e7e6916a96b25a264abbc4b683d553e4c2e04989a316bbdbafa3d35de0d2f03136963dbdee3cc2edc1993de82843da1cab5a146542dc8651b68a527338b7c28185213bba15c28a205ef312ace36b38fea6f4c47af62d3fb6701d71259223d842e7af6074690051c8ad136c22644056672cd218a46ec2153c5e6c1539afbcdbc6cf3ab178e3bfa8ff76ced556d4704db3b61b1324c1a4b0ea3d7821903e041d383c4ad681108daeaa15ce3a840bd736640eef915e06915b388417681de1f0543628c9aa0e54104a2210b8aa42473152494c59d5f14da05b6a37b938cda5c149862ce34c42bb74885852a61789f35906a39c33f612c277e846b792d9cfd24d133a694e5f4a568743ba7a074a48a474a02a0a9f114b8df506eb0c4acc20a4c6fa0c1d79c0a084456ac7c66805c300478e5296b6d0e426663d9a613aeea2cb21b148f0831566928a6e6b96f5f54b683185156ba47a8648457897e0ab08612db1c8715ee0bc42784fe14e3258ba40e6467835c3c81464c6d36d83290a849718ef499dc0570eab528cebd332cbccb756887d15f424612794f6cb81f18ae0bbcdf87175fc1257e59c57139ff09b282244ed7d9b147b5f64836e72a92b22df1516f3dbf63f899b133a57d0a7c6bf8e2f75ced58efe32e88b3ed80edc84deb819e322b6e8be96e0676cc51aebc0ba10b666ac191b80a410e84853598310022d15953538e750b880f852639d1f734c213cde56586391518452b523bf46365b1a064586d69a244df1cea3841a13015b6410a9b1a377b8be860354a243085ed2c2db8a8d8b4bc4699bb4dbe1fc89e39445c1c29e3d747a5dca224792f6f1ad8a8ab32867b16ec828bb84b11e215aa472c07c027b3a1d3c869d73d790743af4ed0996b2271995cb5cbbfb2d4c453b31b640f80aa446c916d6158042451a2f2a94d6583c1e1b0ec215082b515117e135460f10aa45291c4ab7d8296e00b144e6fb88b8471429bc71f4f3b344b146288fd58e7ce3027ff1a18fe172411a79aae8024415542bb47597969ec6b918291d116da65a8a6e55d1d52d64b58ef415a4299e653af1346559e0558a92253b7b4b24528205253d6a828dbc5ca635767c4ce81d2f76f557361a04f063c4fc4a4763fef7b0c5c5705523d21554e54dd5a9160b9bc81737f17373cb0169b41e8b6821367702f9b60de73d5a6bd6972ff1fefffccb3cf4c0c758593cc7230f3d0855d898d69a73e7cef1c9071e4029c5d93367f9c45f7c1c671d4a475c3a739e7ff7f3ff823ffbd0ef2125e828e2e489939c39fd027ffc871fe4e7ffd9cf71fecc713ef2a13fe0d4d113a82802247ff4df3ec8fff4f77e8a9fffd97fc89913cff3071ff82d4e1e7d8e44a7786ff9dddf7f3f2fbc700cad629c77fca75ffef7fcb37ff8f7f9e81ffe2ebff7fedfa0d54e78fa4b5fe4a77fe447f9f01ffc01cf7ce94bfce3bff7d3fcec8fff241ffcaddf224d233effd8a3c862b040db1da0abaf218e0f829a66a036d8f01955d9232b539c98c5aa19527588aa6f1916868a5dace7066357f1fd21969c4a59a0436512846b234507ef62701dacb7e03c896c5356126b62543203ba859412292b7cd546f8692abb81d45374a7637207899fa3ab155679bc3e823505b14af17e00bee2339f39ca473ef2042f3cbf8e8856c1cd605c4121145e4b8cbe44e6d6199a0dbcd00803995fa5134d235c89d50e648e56092316198a1552a3d9912cb26bbe44c88ae04fe432ebc1cb1123c515c4b59773ed24706fe13adbd61f2311b0c501b7dd19b76d481182d985148849bbc64bdba5c67b6d3c0dcd4f51c7b95fdd4cd27c1936a353b61a4eb65b48c37068ad595a59e37dfff583dc7fff839c3e7d8e3ffde89f05e788f368a5387ff63cf7df7f3f711c73f6ec59eeffc4270088a3988b4bcbfce9c7efe7e1bffa3c7889528ae5e52596975679fae9e33cfc99cfb1b63ee2cb4f3ec7a5c565b40c811d4f9d38ceb3a7cff1a5e78eb13a2cf9f27327585ee923228d958a679e3fc5daea00a514de099616879c39bbc685c501172e0d1168faa38cd36babac8c466c6439978a8235012ba31156c6183472e7ac264e2eb1b8fa695cb9ca8cda4b87fdcc447be84697e84402a532d6475fa02dd7a13c83f46becebddc681dedbb0668691b88455156595a14889658494066f47e046e02da533484210b5f515b1d67897e37c45379aa713efc3663dca620de97b24a287cb76d0623f527886d51ac66a945826922d6ca949d40cd5708a13472bac8b79f6a9a3945944471dc6551ea57a6866585f2b107606e567707e0d2b476cf898cc9618d1c2d80ebe009177b1de628a04cab3ccb6d75038906e428cbb9ab878156461425f125bb9e955454f82bee2dc4b63c4a6a168cbbb57d9a7dff6d78451678bb87995b59a759ad74b1991c495f727043867316515888d149b2e00ae6c410e01eb162f62646b062fdb7899e0a50e81f8520451542be238064069858ee3b1c7cf49816fb571715a47da8054aa7e25781951798dd0095efa5a3bf578adf12a46a814e735ada88b75c15824a4a6d5ea02bae6f00a2f243e52f848236385009cd054280c82486b94521863b05510cfb58e90a7d79e61cd47c8ee610c1d8c58a2dd29b0acb2bc3a60757489f5a2203333ac1519453a24276275f02c83d1a3685d502018f47322e971558974395a28944a915252551e25628480d28ca8ec0691b7e073ca6a882d2c6b836731ea3871bb421382ccf3e2052201855dc27a87f47d4cb144519cc54b8bc4b3b6b8ca850b4bc838e2f8d165ce9e790e95a438ab48e214199fc1d915a04fe19e217631d27a5a5ad15215b6dc603e6d53e525499ca24b434b16ec5938c56cab08617d5b5c45934053fb0b9dc77b896bd2789aefd45ccbd6fe242f261dd681fa3bc006552884d74dccdd44904c865e355cd03b8fb360c7112c028bc07a89b5614d57fb1d9d076735de85ec088fc07a11f42edf40bec43b8973ba7ed539199308b70dc7c77b695e6cfb8c9a39d706e81008103e574ad41927c117772526be45a2a8b9a7141e610bbcadd80c1ca879a992082931d606e38bd2381902bb1b7787f6a0b1e3481d21258e90fee65d15e04c48bc71786191c2134b8db40e2dc07b8b921e87450889f40ee92dde9bb051e9111a5c0d00ce59101ead2489d2e07c9004714857e77638175c65bb7ad7335769aeed1e64bab39fd52ce2fce03c953124d11cddce011c05d3c91ee67afb59cf4fd3d1112ebbc8eee93be92407190c06f4d2298488f191c03a81778ac2ba80fd18b46ce1d0781953ba12eb3556b6b13a42a62ddac97e5a6a3ee4de29a8dc2a5a4f0330740552eec2d1c2aa887556d93023ac5ce4f1473ecf60e4b8e51bee26f38ad34f4b9c5a21ee5dc3ecd45e46659f56da234952a4ec222218968ba42ac1f98c34d6482ee2e33548c08a73ec9c3dca423727b2024de0e8633ba2d80a721630c84029458d044ee0ac0624c681551a114b0c1eeb1478053ec4b50a215151848a223c12dca6ee346992df1c12880189d60aa504ce4abc8bc00b74e4493b02ad34ce4b5c1d991eb515241eebc122f00a9276429c4463a4b228540a711744a4c6fb6b88ced654aabfc668ac4cdee0458994aa9ef0c50d4d9b6bfa20da6a49652a9450c14fe9438ea0a875d1c6f0a255e04ac285b3544a076391dbf4030a8251298e62b4d24801719c109234145268e238c101c69880c042e19b948bda026bad1d3f2f2925d638f0627cdd647ea4032aebb15e605c20b8524ae4eae00c7dbbc2998d17b8983f4357ec62b6bc01530c51621e939568559074cf62e51ad89db8dcb1cc0a27f22f50f93efbe70f81733867713e03e950425179838e62da2a4120715e80d354b6c0084d5196f8ca53559a586b74d462981b8c55385a74a239ba718f99e406a43d4b4f764923cf4c7c2b531dc5f9c501c79fefb3e79a7dbcf7ddafe7f6dbaee7f1079e213b36c54234c5e2898f3338bfcac6f94b0ccfaee0d725028d56295e2454798a771d4ad7c6d8922c5b268e46ec9b1d92488f53ee45951f4fc8c0488444969ea8824447c8482074e03ca94ab0ab9a955350ad499497781f359a12661471f105c3e9172ca65428350980db0c1a630e54e1b5e4cc09b8785ae323890df49d33c7e08b8f1816cf35be3cc1c652ca173e5d70f2598b4083571459c4a37f6979e21130568314681173ec8b964f7ea862e9bc4529b6e6f67165b1744b84cec46beb450de7f40805de573867266eed257469825b402a8993215b530a815272ac0a7808480958676bbf9fafc5623f469e4d1fdfe6ea52c9f13eb48ef0b689a26a249f10c0e06bcee66cc8f81042868c900982a2a4c2b946d57058e7104aa2a4c418839012a5a3c0951b445412bd2b3dc4865ba5ab773323f7321b2d21e860758b74ea0cd3ccf2fcdab31c2f615ffb4e6ed9fd753cbf28d8915ec342e7369e39fba7546a91483bf006bc424a8fb3255ee57812221f23b158edf19546912185a01777097ec692c5fc12d60d51b1c7978e41b148d13a49b178844ffde5635c3aff1449bc8b4a7a844990b2642dab3873aecf5bbf65373b67326ebded669e78e44bfcd22ffd124947a1aa0a1bc57851511515b7de7b84af7ffbed78e188b4a3f019a82145d941c9393427d8d15d23f112672d5e072ba0bc1a9c38d0b1e2a13f333cfcc786b863a9a288d9dd8a77bd1766e7633ef3f18a0fffce062b2b82d905c377fdd034afbc2fa2aa044599f27bbfb9c6430f945402eebe43f33d3fdc63e73505555583c658cfac4df05e2295e2e14f54fce16fe6c42dc777fd689bbb5f13f3d46325bffd9f469c3b2bb8eeb68a1fff7f4f31d58df8ed5f19f1a547733a5386eff93b5d5ef37acd473e50f2471f30c8c8f1a33fd9e58ddf2cf8dc2315effb958cb3a71caffdfa88efffc916dde920f2219a0895ed11459b085943f3553f13bef1d02aa44f9032c67b13aceba8cb8580498c0ed9c54821898446d8b090f12e84a6b920bd28a588a208e16bff9e6df62b6a43a1c4bb40b83603053c4680292d9421bdcb09c0d7882e3cc63b1225d04212b7521041b414b2911a0252895a9c1638100ee76ded561108e7c13a9454b5d1cb2385af2dcd12edaca55f3d474f1c06df67257b812186cc8f78e6ec455a6a9e3d9deb383cf75656468ff3c2e041d6aae35877896a749c58a7946a80909ea4358bcd0b22af311a3c1142299407670cde06fda02c4b842c41966123ba0f498a2b871891235c97aeae2894e685a5553ef1f1a7b1554eac4f537a598b1f86ca5a76ecdacb8dafb88d8d41c9bec339d7de772be74e5da4cc205f5ea5f403ac15cc1f59e0b6fbee41ca8ca175682aaceea39c4649871053ccc696bd53815a7b518b377e2b5c347a1c042e2195e3d90b250f9db2b4660cb981bd1b866f1729c79fa8f8d5ffbc41d96ab1f3961d9c3875915ff9e501bd4e8f9b5fa1f9f01ff7f9a3bfa8d87b6b875e0c0f7c76c8ecae82effbf1189cc54af0d635a888f78248c3f2a2e1f73eb88e994a59cb24bff7c1823b5ea978ecf18cf399e4a6b74cf1f94fadf0c453250b0b9207bf50f08a37b53971d4f0170f55dc7477c4473e56b270a7a6bfaef9f80319af794b87071fc958958e7bbfa3c3437f3ee4b6c713bef16d8a6c6443b98a89b8cdc931a1d26e41a82b30c7a037871ca4cdb8de2b5d7cd9081748218333dff9316769b80b1e94dc8c90525a85807e17e0aee15cc65a1aaa21a5041bf43f571b75ac31382c4a2ba49148192414e7fd983bba260aa7168b37c5d4e6400227f68871098e06f12118ad9cf75863f0789492e82a8a29a2142b53ac98a51202440f5b3ccf74eff528062c8f3ecdd9d58f50a829a6e4b56c98f3087590482eb0563cc91cb711890aab42f482f11a6b2d4a441861592fd68964172115252595c8a98cc7da18e1632a5b11b1135955081c5e5a8ad260dc02476eddcb3b7ff04d7cf40f1e63b07e8948796ebde326f6bfa647dabe81bdd3ab2cecde497f7889242a79cff7bc9651b1ce971f3cc6fd1f5d03a3b9e3ee9b78edb71c607e579f6cd427f57344e506d2efc34516538d10fa0c0bbd3522abb0cad60ef36dc0251a64dc840fe90113d19b69f34ffec5355c73ed003fca98ed18feec0f4bfacef24fff79ca9db7e73cf6852effcb3f5ae1f12f588edc2ef9d4a70a5ef1ea88bfff0f135aa9e297ff2fc5d18b9e7e1133d52eea18c8005c523aaa42a122cfd90b15abb9e67ff8d9292e9e77bcff3f6e7061a924770e9138eeb9a7e2898705fdd221d702607cdb3bf7f0b9873d5ffcc21944a278cbf7cc71cb6d9e3ffa40ce85f339cb1b8ae3c72df77d5dcaf7ff44cca9a325274e55089fd4253eb622ded633695c2fdb1075f27707ded789c4c2e1c5006f73a48e36b9e24b198f7de0444a6b9a5a38d61a9cb19b216b3e2058b074d6a1884d291029504ad5e27e4d58eaca015a299a345c9cc3543604814fec2b70c03a2fb2260041170dba45b37e545b73a514a85aa415522095c2d68724267c49a2260a3a55033a628658188c3fc5eece2be9b53b1c3b7b8cc41ea5effbc8f86ea67ab731ca9e642eaaa8da9a58ce311fdf097691a96819ef3a7857a295c3698f340a691d5e5678e190b1a0721556184afa385fe21822a8d05221ec2ad69ca7d75a6060ce30b08bb4e50ef2ec1caff83a457bee1e1ef8e3a7397dfc344f3dfd3cb093b7bc7d17d30b92a8d40c2c74440be5873c76ff43fcd5036758d970dcfdea037cef8fde49692be46883584c9146733853225b9ac216c46cb07fc72566e312ef52905bc9f4563fe136f87090440667721effd8499e6a59ee7aa5a67bb3e6e9170a5ef99a19eebc0edc4ac61d47226eb85970e662c6d2a26630a878fbb76b66da967c58f1bddfafa9ac264e72ce9e80fe7a859202211cce2a7ab3b0e788e4dc2543d2125cbbbb64e794274d3ccb4b965beedac39fffd922fff5dfac225a2dae3bd2261f540c4bc77ffc57c71816823d7b25b1317ccf776b3ef147233efb09c3b7bf6717edd8d01f964c75236680ddb311a36185f5727cdf9384682b77dccc66189b9045d0f31a070a012782b4a91cc60d90364745097515ab17b70c895aaff49b89be42d5993f921ad8433a5b559675a44f83c141979435d1185b52eb7924e1b3ca1a3c0e5d1b967c6dd9525a6d91c31bd74c63e9d65a33767c4df88595d2786a2e2a055e82c7d5b1ca4d7a7470c920405f583bc64a5692a8454679c5b2fc144b8563241c895cc0db697ace12654f91bb75368a8c222be8cb676847d790997318791e2177d213f34136960aa30c488b708e293d4de52a0490a82eca476865b1cee04c1035bc0a4ab44321459bd9ce2d602adad1024526b9edf6841d7bdb7cf1e11b79e82f3ec9938f9c63b8bec8f7fcd437a293214a5a92d66ece9f5ee5914f2e52fa98b77ed7ab78e31b7741b586f723d2688a14137c897e8dc8c66863e8462f30a307689f524a439347be1d00b78f863a26a9647d68f9e0ff3d62a38cf9219373e4ce0e5566d8718dc17b452914dd8ee5c05ecde205cba01468a969279e0a43e5040b6d87d01942c4fcf67f5ee7b1c70b7abd08a14ab241cc6bded4e527ff517011e12c3e77b8d223a4872a62b454625a9e85c32d8e3f6b397face275df14f3dab72ef0f8a7fb64b66256388412f891a7bbb3c5dce1925367860c071a994a2a5f625c84f7198e88900d7fb9141938cde6ef42f871d4cd3882476c16c2091e1f87f51ed5b863c4a65ee51d283981d013e01ae6da442c2f04a531082f9168bc0b7a63500d05a5a9823147d61665ef510210122b040e5107916f72511569a2ba9a9c8c037209e94399141d811428ad10c223545d07c70741d40b59276ad7d512644465839f4a2955075704cbacb31e2504b1d4b567c6218442498d6eb56e41f9e711d102dde9c3e41b4366baf732d09f6457f73594e222a7971f44f46fc176208d6749a20e4648523d8b632f8bab27e8b6fba4e200fdd12addd452f8118956486246a62e7de72c0e8f33126b24d042453159718151e949a21d38595196392db11be12bd2c811eb39868355f6cc1e60cf3bfa1cdaf5467eef7d9fe6429e50594d1ab519ad0d212e4877416fff343ecff9e6371fc2c7052bc3357aba8b9039859f029b538904872492a7b8666e89b6145840290f5e6c115185d88e8d750c692da2192b989e93bcfbbdb3a4719bc387334c6e48a3840be7c223ca3760f5ac65e994c1b7c0471653392e9d8244b648ba96873e967171c9f1f677277cfdbbbbdcfc9669dab1c36b83332de66787082ced38227206a1151683c5b3514a3ef3998bbce6ee989ff8c7f3fceb9fedf3c4637ddefcb6695e7beb2edef075fb583a759e473fbfc6c58b9a2f7f6ac01bbe6b861ffce198dff8a5739c3fbf40a715315c8622170cfb9a1d0b12294de3c5a329d9b8892130e9d89f44c42b8e1a9019fbf504ded9e09bab9d91620b326e457e2182cb46eb3858b2b522d6d116a22964307079e7c66264e3f5144aa0a2a6e25ca8a5236bbdb3a98c277cd0098db1f5b30f65179b8c0ce73c4aeac0a16b31582a89b52e706625499218150789a6094f9732e8894a2984927819cccfbe81b3e0033d8170eb68b7862a2ed14d3c69f20233a6439c3f8f7197e826b3dc76e8069e5b7a988dec49ce99274928591d085a7283f9f9db713e214d14c3ca936ac8720b68845278e931182201a95638eb8369db563813b2cc94ce9119581f13a90ed21638a72832b0e22c0289299628dd2a0b0b438c1b71d33537b0b773130f7cf8211e7ff8516e7dc5f5bcea5b6fe1d5afbb933ffde02738ffc245f61db98dc27f8979712359b68cd325ceb6912a4216d09b5aa39d86831612a4971300b5e978df0283cddf2e50772105fb7749def156472bdd20cf254ac0beeb3d9ffab38a2f3c2af9ab4f18befc4cceb935cbdbded662ef3ec1d45ec95ffea5e3e6db0aacaff8dd0f66c844f3a6b73b5e73af4160894c5d4e489554b94258c7fe0382bc848f7d24679829848dd8b5d75154117259f2eca7fbacaf16f4ba9aa525c71ffcce51f62e688abe23de2d585db7bcef772c672e0ee8af83b79af905cfe16b350f7faa80d58ce79e33dcf7c614214d1d281044c931d05fc97a7a2544ac712184ab0a84a875362188a2b4d69d3615333ff935ef274a330611570a895281734929c7fada644086560a9a3ab46c86126aa5d03a0aebd76e87305ff057462ac2b9c0011b5787739e288a489216088f948a244e98c022b4d69b697281222065848a9250b4cc5b546489628b5441f2d291422a81f5b6465685ee6f2884af68a79ea2dcc7b0ba444b684a3962d95fa2f02bac9b737ce9c429acecb03075170bce7276f42c678a0e94cb8ccc93247a27ede446bcb578125aba0b088c31a452920981f282c880d5123068293042a37c0b674ba496e4f62cb19c42ea0ce34b8c98233739918fb085a5dde9f0c86327c94bcb2d37387ef7d7ff88bf7cf07358d5e6f8e9cf71eef479bef57bfe168fec98e5e92f9de7badbf620d6e759e4d374a279bae22099ccc12524c905f64c6fa0eac0e6e0b3dd6e317c29ff97c0548ee15a4cbee15059cd313b827b5edde6539f58e79fffdc081519aa4430cc13baad39a695e7bbdeebf98fff66c4fff80fd7f15212a7921fff1fdacccc56947d8dc05209178c0a3884d708abd9b33fe2c6574b7ee3fd055256bced9d9ac30714f77c7dca6ffffa90c77fde114dc1b77e6f9bde1ec5de3b250ffcd990248a79efdbdadc70bbe49637267cf4418714966ff8f629f61c84fbde044f3da7f8e3cf79eef9ba2ef7be4e5396457069e0c6bec28920a2173f9b46c4df6204a9cb53e2094a946c607a421ff03436e449ff9df775964665180e8778e7288a624bb821409665386770ce331c65b58f31ac950d2b06fd7c33fea0b1683acf46d1a72acb00b795819aa35595a1df1fe19ca72c0dd641650c4dbd566b2d55554e4423793636328c81aaf4382b10becdb0afd8580b4c6a3834acf72bf2dce16cc87011fff6b77fc69f5e7d80383a4424133a5230dddecdd2f00576b4ee6468cf712e7b9223edaf67c3ac20ac67244e531411b7ed7e0d47973ecdceceeb89b460909f67797494b9e400a5cab056e14c41ec3ca54e88bdc633c229cd2bf7fd2db49280627563958b6b6748a38cbebd88d2d3489b519821716b1e93f7e9ea1d54e2398e3db7c1877efd4b0ccb21a92e59773137def72a6eb97327cb972ef2f98f1d23a5625015ccb5253ff013afa3d59be652761ea937988bba94a468b3c14d7bcf301b17086f6bfde70a16c1aba060633dd45af1fc71cf8525c9bdf7086211fc4a4e04eafcdc49c389b38aaaace8f4628e3e057e68f8db3f92d2ea1a9e7bce71fa2c38243b76186ebd3922f125a1505300a26070102801de2a440ccb03c973cf3984879b6eb24cb714b981678f59b241c2ec9ce3da430ead3c8bab9eb3e7206d790eee53b463cfeac071f67c848a1cd7ec5374a44128c14adfb3bc017be605dd5600945add626c9cd97a149ba3e616bed1b9afc03dbdd00872bc783b3afe41442c835e5a9f57f3852014076c96b21603a524cf72eebfff93c491e6de7b5fc9d34f3fc35dafb88b24891152b2b1b1c1334f3fcdddf7dcc37038e299679ee115afb893384e19f4873cf4d043743b5dbeeeb5af4669cdeaca0a795eb0bed6e7d9e79ee355f7be928dfe8076a7c58103bbb1c6f1ecb327387efc044a49eebaeb0ed6d7fb743a6dae39b007e73ccf3d778c6eb7c5fefdd7e09ce3d9679fe3d4a9331c3e7418634a6ebcf95a36d6331efdab2fb263619a8387f7f3b9cf3dc57058b077df0eeebeeb3646a311e2e77fe5077ce9ceb0bbfd1a72611896a798f3bb5971a7e8a902a72403a339327b37e7d69f6367ef30cba3939c5d3bc7eece2196f267d993de47aa4698447161ed29a6937d946460635204461a109244c76476085e71f7feef248953d6364ed249e7c9f32127169fa01d4da1e23ecba355a65afb28b30b24cab2e6975877198ffdc951feea2fd6f091607aff0edef4aedbb8f7ce5b68594761e0fcf9753efc5b9fe5e4b19360fb7cdbbb5ec31bdef22a8c68b13438c9c07c9eb272dcb26b9ddb7627b58f696b0d9697838ca1fa753050e844e1234f350ac60957478738ef89628f4e35dec448555159417fe88995433a48234f940468ad2a28f3606019eb5f5e060a5ceb4c88ba28aef244096820cbc0da60654cd2c6fa0a5519fc7a4a38e238846d9555e0485278a23498aacac2616ba48bb440aba007bb506d99c91aa52f3deaf60362131927fd9001190bbcf86674f243082df0329e4044c641dc6e82e335d5c68510a4698a778eaaaa88224d911761dd5a878fa388b22c03cc2571cd3d1d526a5a698ac7936581d33562aed68a2489c9b20c29832a559932cc17a7c47148f7caf3fa7327a8aa1cef3dad560b6b2da676b12449421c47e4790e784c651052d36eb7b036a72c2d69ab35e6ba795604d7c6c2cc218ead3ecb62f1106d2de9a85732dd5d606d7092d55142e6334a7d8af6c611fa6699c1e26368dd65efec7db4a3887597e3d5394a97a2640ab2c2f912444124011b839178dd941ab0c42a2196390a81f1824a4065d788f5102f1cfd7c045149558db0e212178bb3086e674fda65e9ec715c1a73cf3b5ec51bde781373f139583dcfc05ba2a8c5e1dd093ff8f7afe7338f2df0a93ffc22cf1ebfc41ba202ed1ced48132537d216c739b82306db28f162a294c34b3bbcc6010052800393395cd1982036eb7d4a21a8724f991b24164f2807df950a1b6cfc14956054d4c602491dc5b175fda6c070b0b4d78e6627c907c110a1c67d3e044516223a04a1af44709b49b22ce832a22ec16f9cc78ea0b65a40dd83c2588f71cd7d34f2e3c4995cc609bf82210895c3bdc349c79628726a638e104cba1d9ad1f4dff04e30180c4260b5843c2b91e318c2f0dd2ccfb1c6a1234d9665e3e7e1ac656363231852a41c134cbca7282c799ed7bd344c6da009ba4b51e4e4991f3be74350b81813892c1be1bd181b8c8aa220cff3097b834058cbc6fa7a88f59582fec6b0b6c637fd3b1c7aad7f0248d8d5f92ecef63f868c8ed32e3c2bc3258eecfc566234cf2dfd36bd96a3b40758d5fb6829495e7c81c81ea12cf79045b3b4450e5661bd44ca16e80a89231f9524ad046305d6a6602d5a4f236597ca46f45a7bf04230b48652b549a216c21444d56ee2d8b1612c1b85e6bae9c314e21437bdf2f57cc3db0d37dfbc975129716586f61d327101a2bdc8c28092bce1ad873872b0cd70ad43e15748e39d244ea0ab0147e6864c698770721cebd694f683cb0d3697459c34e0595b5451c12cef7d0814576c5a39a41463b3bcac038c6d6389f501f8a4de6a68d8aa8b4dfa5702427982d54fcb2631b76ebce2c18b903580ab1bb6d4054fc3fdb99a6b07c417c28f4df4d26f06c30b42d98c10bf29b65619bf02626eb7b05e1947833b2094d60840eec756eacdf606cdb935216c93cf20040c10b2ec9b5564a35a6c22b152a1294e1024364b360a013a0aa94e0dbb96b5f2e86b56de040d34b1aed4734a2dc6faaeac0f705c3099cd06379315029b351b6b6e880e0afb516ae2deeaff75ec7712fbb3ec9f9de37c5f23b1ec691f6475788e61ff246885af62d64692485c647fea30484ead17d88e67ae7d906e2b63387a8a8e7825b8ac2eb521295c45e64a9c2f914424690a2623563d8aca84183f5ba181d47769db369db8c74a31a2957470d6e198a1954ad2a460d4eff0c66fdc41599d617d7d31a4ff44bbf0a9c78d7611db1652c674dc2c2cf6d9b753d13b30c55abe11fc9a559f43337d767432840da51e7075bd93e6f09be3995078841734c9c5a1d2420385aaee97e043dc612d2a594fdd63a5a6f075b305ef033079dcb86f4670a384c88da09ba9ba7876100f05f5a208bc0fd6d4b1910901b2ee5331f1501b8b1ec8d0bfc2d5dc4d7a70727c9f4d039e06e89ade11934825bc08fd509aba6acd7d364b8dcfac369230593aa431c3c86611a891d1fb119612496bfcd9e5592a0d606f45aae633dfe094d844946634d6d0f14c1356a770a681a8842a079b15df437d1d26106d732f5b12a09bc0837acf57526d36ab936fbfaf2b0fdd8e1d4bb660b1ff695ae49cdb38cb97fc39b49f634a5f4b2e735a499b9dc988a3ebcbe4d90289c86829cf9e74078cce70fcd29758b731b7471ee1729432a8d263a5a393a6d8aa4408837096c25c20b206e74af0437c99636341ee2f50fa73144544ee462422c2988cd44f11c79ecc2e83b798fe802adf204a77d14d6063b4415559bc803c5fc10949bbb587b2da0063595d5fc6c5296e34c29be7e9c6ab6827303ee499e142de9fa81f6a9350ba69e573631f93504db9c1e641c8cd7aa4f5a36c8a9c29a873e22610a7e654c2d5ce63e1f0349cce8297385bd59125be962045a8be5dbb5eec588c157558d9d67c87a6ffc6a6b46debb5c2fe1ab8081fd78029c7bbc7890931bc89c125c0946be22beb2e5b0a315ecf0b8fa8fb6034dc7d6c131521ce4c080859a8216c528ea35754cde12710c88b71739dcdf3db5a66bf21008dfe3e89cc97493357353cd5a169b5b8da70446bedd81d12e0e26f7ee80bd919321fb19a4f31348a4e7298d2cc91d993ec480ca23258d946f6aea79367dcb0e35e8a51ce936b7fc8393344888af91d6f62d649bcea50e81e919ec1e902a121b16d4c5e91ca208e4973049b4874cbd18a67897a2d4afab4a6e629fd1aa52b8863b0b2c2394baa76e06c84618d7dbbef439913aca6d7b1677a9695c149540b06b6a43b7d1de47d72750e5417ad6304165965b4f41e5a6e9d995d29edce54e88f216548fc1cf3835abff21ee905085d1b4c2cce4a6ca58954848c2a9c552172a22ec781109b10dbb447f34dc39708e7249e1c216c406e34088bf523a4ef001e2f0a14091683a30a01d12450376711be075834a17d42001e4d2846ac8245d22b7c1dd112f02e01dbc27b8d92024785a3625c54789c93578b542804aa164f5d70866b1d74322ff03e0204dee6200c5684b39322b80dac73e330b4d095a98727f8f0bc05540e52e34d891137624545e58648911042cc1a31b52674b5b8282691671b77ba5205f186536d2db7d8fc5da745598bb70e6b2dd6d9bafd9d2049d390882025491c4363a89b40c84d29e46b3bf4ed87be8533971e62d7d41c55354dda4ab971e16d7ce1ec8711d580545724aa647df54bccca69da660321865c13ddc5a1de9b39bbf6c724be8db029da25ec6e5dcb74b587820d4a5792fa042f5b289b4395501a85b296bc2f10a5a12a87e4ee3c329fa36347f862196fdba02c5d66a9ca350cf3409bc21c65d52cd1d5fb39b9f128ca1f24736771b643cb285c9122f53ca55b41b936991f11991e1bfa02a996c8788ed5518272ad1035ef6c402a5fd144d938e7103e25d2497d4d11c44b972295c05320bc0f7e2c8a805c8def4c78a8cdf4d2bbd0f8340ac62badda0851b78e9353081cd60d106e6f101f451f410fe707c07210854d0be43058378b142f32225cc82a3006b0d8aa01d028186e8443c8808cce8dc0f71128a48290aee4b6d5bbf150478a085927449b028f4313ca176ec274c33643da93d4f51416eabe6675444d3088390822bc0822b18a23a44ab0e510a7bb88d69d48694094212ac5fbb1d5388491c93117dfec7b5313cfba239031c11fa87514d49aba67a2949b5cb2dee5a6614808544d3c43848d42ab08e73d5555916519c618e238a6d3e9104551e0c89b12f2cb1f0df1b85a4ce5c4d0279f78804ac189b5f32caf8fa8f233bc10ff12eb16ca995b195505a39167aad561c59de5d4b933e476954895a48384f383a388d6107c4c374a39b9fe28fdde90b21ae1bca7dd6a519812ef4a5ad114837cc854bc87d20a4435c0551959e1591f3e853515b9bf84f3bba88a0d74b441556ee0e40bc4ee10995bc4b7767061708a4429223d6269e354604136c18935b498a3c88f11790d32462289f4053abda3b45b168742d9509a4f2635d0385f0764d756bdf1a93b74631d15139cd4d759018d8106d9289335b04c50e07a366125ce06dd8b60e2a945b9f375e488a1912185a84544aff0c2847a2cee5c10036389d6e1e14aa96a7db3d1c5449006c675f883d6d988a201a8eb771ae072d466ffc6a8d2f4276cf21725d6da4d83946874e6a664456864ea0906d92de515c77aa0af8d2236f46464849129497b0f4a4738a737e5ebab4335631d6f02ce37ffdce48c8d28bb15fcb7fed52025e3b3dbe4b47e0229fbfd3e5a6ba6a7a650428edd2ddb030d2edbedc4fbcdf39978e38a3bd317bb2d9c3b897467616e99d8ef2115b7a1e5b3ec99dfc9e2c6126adad1ea560cf2750ecebc8eb5e17136ca25e82af446c2ced96b70d6d04edb6c2cced19a9a411692c824a44942cb393c964842523876b40f30373f4b92084c26e8d81e719e32c89f430fa768b72306b683f70e5b1ae2e81a2225199409ed7807656f842c2ca8179052d189efa417090a3fcf547b0f6ba30d92680edc2aaeb21c981db1abe7d046e2546d2cf14d32eb448d9489871e48b40a16b2a611e6d86126eb62bd21e1357cc543adcf09efc6c8016e4bc3d1ade296075fe190e0d518d8c74abf00ef759dadeef13e54dff6ae29b1045aeab1f81574a7cd7c3e211b51745374938dcf50ca905f2a418926ebc0d3f4a0ab13091042a2d4a4b59031c04a2f10be0e25dfe6120ac7a1d8ec375297a01032fcee2ca6aa3962a3b34d18492e2feee5c7d6ca4923cee69a7e4c0826fb655c7534734ce889936b4751441445386ba98ca13f18100949abdb7991495fe6d84a45c643de7be876a622c175fbdf4aaf7507d351c481de125db7882ea7d8d9de4fafd5a5db5ac057bb918302cd143d35c38e64279d68071b6bab983ed891a7cc872456a2ac0c7d098d27cf46b8a2425611261754f612aeec5365863cf3545586f6123b4ce9c60bacf49fc5e411b131087f0d5d75886a54d2712d2847f8b2c5c05aceac8d98d6f7329dcc302a3c6ddba33f5c46f93d14f62259b997888a963a8630321465b2d4c041e0544db268b0916c36acf1d4ef3b9c35e1e56c78d93a140ac0bba07f38173cef75456d5f9721b1ce8f5fc6f95004cafaba1b57a897e3adabbf1f225e9cf341ffb20e6b42f1a450dedee19dad33d5430d573bde57d07f1ac00c5cc4019620e4d9fa557f6e37c5eb317cd6dcdcd5e5f13d7e9c2ad470a5c61fdb5cdfd097f16bd2064378b311411de15c427ea1abe332c33e6c831413afeddc6c62d62dbf077db0cefea8cd4393c6aaab72dc066981edd65337ae8c2ed15a93a629ce5af251b66d8a2b57059c1c0d1199747d6cf9bc7ee913173f81f14b94c505b4cb581a9e268a7791477bc978026b72b27285e7163f8d52058bd9398cd9c0ea94e79797c8fc90ddfa3eba72804822941688d293d81071a37c68b31dc936c20974145354035c912394c34a432c156536c08b8215bb8689bab4ad6250add24abb14c5058c58053745612e21650fe797905146376e13551585b754b283f3193bbbb3ac0f5691d11afbd213cc2469a8c0a6aab195321c52388a3173a3b11f345c8b5a94ac9fedd8df56e7b4d5bebd098164a2586f1d162601d5ccd898e06ba309411c1d3349b602a06b166daead83b5439f495f7702ae3735ee7e5c87cf09421b855a9cf64d03f9c687373e87a67e4ebde73a83bec9c68750fac305fe5d6fd423a84b24367db99daad7b004774d6d7576bad6b121c8d70e8c42484b246d1df96390a8709f4dfbe5dabaec6bc941485d5b9c1bf00d48ed1a8eddac27342244f0e38cabdb0cbcb435b4e18c630900b075948fd63a44d54411a3c190aaac88d3649bc87cf90a5713659b929ddb3f97adf4169cd843552ab272486b6a077b666f229529b949f16e17c3bcc7c2cc7750f86b10dd7be84ddf47663bec9ffb3e76b46e24e98c5836e7a94a41477570e5008fc563c85d45243ad8203321ac208ea788db33544ea1540774426e3d360e2db93b6a0fe851d0915cc248aee3e414322951710b9da648318d8a7a444ae0dd8824f1282a3aaec57aff1ca5a8e88967e9a6e7b04e82b07575eb5a57a80fc4211056058e50039af3a194a14705e34d8d0a8d4bc3112287bc9d4058297042849fbee6475262bdacb96e10e9100ae754b0b04a1590c7d655c2d0544e609cc49b08bcae25e0c0a1c7e53e6a78f4f5ed3842c945e703e23a1803a95302037821b12840e1bdc61a154a3d1a57b728aca5065bafd7b4d816a1b096b00a84c62a8d7151288fef649d06158773f20eef34ce092cba2e5169f071051d8dc522d13825703ac6e90e5e257851af274d7834f53e8d87284ee8b4bbc42aaafd9d41346fc56d92b44b9c74905283904491c63b4370d13874ac68da89bfa4f96482c33596d7220b51345aeb60519592a4955256652878f5328c325fc9d0d62ed1497bcc27bbc9dc1ae7f38759597902ca15248bececdd4a554eb323ca58d5966bd26b4922433178966996592c5738b5e669c55378df0624196b1899207c878d7c83446874a2915662251446e08c0e76172b10ca539a3665ae48d388b2f058ef88980359e0324d5befa5ac8ee24bd09d1829179893d791bb02914e63ada1db3e401c172c2e3d8b324b747be769251a6f83714249515b1cc343b52e38e61d96c6a1aebdc04a5fe79a798c97287488509155e8df6115427aa40e1cc4d6f1ad8d6f3d8d354a8587971511ce5444b1c395095e96a1d98b1494659d111e49947418e348da122d14b6301827b14e53a313ce49a4b0a102b880cdea9c31516c7046535a8b94062d74f075961151cb612a40d4fc4d48daed181997781751950565a6881288635f23b8a62c0a5c15a353472bb60c561d45a9985b80ac006b43bea3b3e0a52796299132c84830cc3d427b54215839ae294bcbeec311327614d6407e01579ec2477344ed1e22d260339ae00a8f249225cf3ff92ca74f9de4d081031cbef13aac88b9b4789673273f8ff790b6e7d97be006a48e58be788edd7b76a2d21e559573f2e829f6ec3944a7d761b2deed786c33aa046b6b906e061b1b8123c6c916fd524711b228b0c61227c9b62a737ffd21844057669df5fc28d36a8aac3a45226e64aefb2a2ee5bfc789f5b3f4b319f2e83c4b17ce5338cb503cc762b5c4c5f20558fe2b464c333d33455cf5916a44ac0f90c85da01d6dd121d2bbf07680109a8a4b54d11a559e51566b249162305827712234b091d30cb3e789a21ed2e578da78eb50720d3c54d6d14a235465896d411a194abb8c765d665b0789e49095f52fe0aa65f64e6db0d013082b6ba7798c10a15390331a1f59848e91068cc8509147ab089b7922155195124441aa059e88ca572824522654d6232b41be511025d09d8fc98b128f271231279f2f591938626d3970005a539a8ba715d3f3395122c88611c3be607aa74178b870dea113419244fce54733fa8b39b7dd9b72e856819441ecb34610a7b555b6aeb512ca040aa4f29c3f01dec1fc35126cccc69ae6631fdee0dc0b9e37be23e6ce7b65680aa40d43e379e013864b4b065b54dcfb9a881b6f737cfa9325cf3e058577ecdd51f2966f4a48a70dc79f767cea8182bc54ac9e1972c3ad9a777c6797a46db1364246866c90f0ebffa5e0d472a896fd966f14dc7458f06bff6144e9409802a152beefc7120edd3acdafffd2e39c387d0a9f4c93a4313ff9533fc2c23537608c0361d112fee0fdbfc7031f7f885d7b8ef0a1a54ff2866fb893f7feedefe5031ffb38bfff071fe0c0c183e024dffd3def218d12fedd2ffcaffcf4cffc04af7dcb3bf8ec438ff3ef7ff17fe77ffcc73fcf6dafbc83a2c8504d9dd61719ce793636fa88ca90f67a63fd651c6e27053a8a288b82388937dd255f83a15bd141188e68c537d13643223320111942691676bf8a3dc96d9c58b9c4bee9dbb0b64bea5b38df43a6c7d93577882ccf198d5648d2599c33ec9fbd9303f3afc0f90a5595548947bb98f56c99a3673e06d286b6e27107a70c326e212241ab93e06c1f6f0cc14c3d224ee771d9065aa688c861b32152ee246705a141960585cdb0690f469fa7a86094e7f45a1798edaca15ce3ccf678058f7c52b0fb9a98eb6fac38794af0e883966f7c8ba0b743f1f8e73ccf3d65595db6acac665c7b53c45bbf59f2fbff69c0cdaf68f19677c67ceee194d5a58c37be35e64f7f3fe32f3f6650b164ff61c177fd90627e36e1777eade4130f8ed87d702ffdb53552d1e7effdc3197eff7dabbce11b62beeecd1d1e7f78c49fffd1889ffe9fda4c77347ff2dfe0c8cd15172e6ef0e8631de60e4d533c39e2ba3b1dcf7fa9e243bf53509482dbee826ffdf6163a6eea7682549e4fdd5ff0c1ff52f0cef774f9a6231ae33c1ffef006274e24dcfcaa0eefffe00ad33b63ae3d62312598dcf3913fed73fdcd3df20dcbfbffcb909ff9f92e9f7bcc31f26d6eb845f3f09f0dd1bae46def4af99df7f5e9ec537ccbbb35a341c4fb7f2d873f1df13ddf9b32ac04b1900c364a320f6f7bf714aeac38b8d7f09befdb60eaa636dff7c3169db6f89d5f853ff8fd9c9f3ae238379ae675dffd43dc79fbadfc875ffc77fcd1ef7f989ffafffc4facafadd14a625e387e948f7de293fc9d9ffe07bce14dafe1d39f799cffe3fffbaff9baaf7f0dd960c01db7bf8e1ffebb3f4c36dae0e0c1033cf2e98719d988fb1f7e8c7b5e7d2f0f7dea61063e666db81a3aa3bdd8f08d25dab1b2b282d69a9985f9fab3f0a331f2e03c4a6b62a8addc9b16d82be986575e6eabae38518b2767ba1da18561509cc0db18379c45bb0e1b2be7b9b8fa7972336465f534c5fa49caca52ba93886ac4a90b4f7276f024420cf0aec4e7a00a8fc6937828cb75d617cf628b92b610444213bb2e9d682f5a7510c4a4ad292295d091bbc8fc88389a27723d2aa37145708ce7458b9189105251b851b02e2acd3a27d12ea56dbb6c0841117548928a6b162ada4968532da40707715472fc74c9c39f1990b405c78f793ef0fe354ebf901347099ff85841d2b55c77c714672e79aebb639a2cf33cfc05c39ffce9886ae8595d2b79eea91cdd82a3172db77edb0cdffdcf6679f274c1effdd782e34fe53cf8e81a3ff92f66f9857f9bf36f7fb9c3c2a1369ffa8b0df6dc98f2f86316a8387eaae499d370faacc3e49e8b97faecbc0e9e7826e25ddfb69f7ff30b23def52e4bbe6178f07ec553c7225e586a71fa42cca38f5850beee1118e25ddb3bda4c1f8e5833055239467dc3d11315dffe83921ffc31b8ed76c9339f2fd1da628520128e8579c1f7ff90e2a77eb647e1622e5eb4747b11afbbcff39ddf24d9b330cfc9f305674e197c2cf8e19f48b9699fe7d5af907cf7f7251c7dae603434289923bd4046a07dc18efe390eb282ae2afa6b9e6fff76c7ac4d680f2ddff56ec7c64872e1bca59dac3238f130e5c56711654567d7cd9826533f8a78f6d9a3dc74dbf5bcfa35b7b1bab4c83d775ecf1db7dec2134f3c4f7bbac3639f7d84fff8afff4f7ee3977e934b672fe05cc51bbff9cdb47a3bf997ffebbf25e9ccf2c6377f036b1b6be3328e571d0d3248c9f4f434d3d3d32fea175172b30cc74b21de5732e499c5cfb2beb244b626b0fd299c5754f2026ea899d3773015dd48d7ede3b69ddf8588ba646e884be798117b38d07913524e71b67c9263ebf7435422e5106ffb18b3ce4a718cfef0346b830bf4072b789923a401510103a4cbc056f8d261334d2a7792ca19bc5fc120912ec1565d5aed042a89a25557202f90b247e1dab824a3a8d6e898c3489393aae799d60384507588940fb90a4273d35d2d5e385b92159213a7730edd9572fc05c7ea46453194bcf6752deeba7bc8cdb7285e717b4639821bef4eb9e1ae693ef5f19ce9b9121b799cd0244a70cbfc3aafbfb6e4effd4c87d3e70b3ef568ce913b22eebcc9b17a7e843043def88db0b41c71e30d8e8b8b8e4b8b9e8d35c11bde9172f284e7d829814d25876fd5dc71b7e6031f38c6cf7ddf2a2f7cd93218795efd5ab8f11e4146ce5bde1eda13e49944d7f7668de5beaf377cc35b23f28dda6ae83ddd54d16b5714fd113b7655641575052985d0b0bae2f92fbf38e0dffdd3556676c2fcbe84e1b0e237ffc33a7ffbfb2ff2d48533fcadf7cc72e18261c79c60563bb27541be0ad7ee826e14535621b2c73a88b5e4e49998fff2e13dfcea47e778f6bca0dd0bbd362b67a8cad0f14a452123de79c187fffc0c3ff993ff1b4e49bee7bddf4c36e887b4a690b089720ee90d3292280cda599c10544e70dfeb5fcfdff9fb3fcdf7fed08fb073ef35e45545afd3e59bbef16d3cfef9255effe66f667aaa4db07cbfb478da70b6388e2f73735c69d8a69f87105b327e5eceb89aab43deb4f747b9f9d0f731b7733fb71d7a0fd72e7c23497b37371cfe66d27488485e208e97585bff33b45e65d7ec3c5d86b83885ee086963243711c577e27c0a2478ebd9180e595c5b4444965e6f8a349dc3fa085c4c2b9922d11d848848e304250d2a5ec4ca33c83a9c4b0a8595038857835535394aac344a860e563130252312054e9d2755437af612d7eecc69472185a651dabd9454b9e3f0110f52f3d0274aaac2f1ed3fd0e1f849c9831f77b47a9e855d82c1b2a52c1d66688934b423c39bdf51f0a567044f7c4e205201a6c25231b011ebb964761a649a903b8d2e3cda3ba2b4834e228473ace71987ae8b1109fcb7df1c11a782b7bc35e1e8e3157ff1a19c83376a768884f7bc27e21ffce24e6e78678b3ffa44c5a880cf3e9233db8b78cd3dbbf893f7f5d918489296a8c579015e20ad47198752203a162f1479e6319560aaa3e82f2b6ce27142a22d7814b22d11732937bc7e8a1ffb99885d5d871015dffcfd3deefb9659465987c41876ee8793c77316cf3ba6774b7af382279ef4f4ada33515fa7c08e9c9f38abb5f5df17ffcbb9c7ff9cf1df7de6b581d5a9e7e2c676ace33bd53f3fc63908d62a6767648db53fcab7ff33ff34ffefdbfe2fcf2253ef7c00374db49209ece71dd0d37f3dc934779e8e3f7a37dc5a73ff5713effe52f72c72beec65bc78e99841b6f9ae3faeb67e87614918828467d6ebef130ffea177f962337ec25cb33ac758cfb62bc0c841c23cbcb44ac97e3677cb943df7de84e9cb5186b42be95d3384aa2a4c3679f7b81134b5fc2ab984a1e60503dc3d2c6808dfe089292223b49b7e589ac448a0a458c730a1f75e84c779083a7e88f56986de7f47a3d2a0c757971bc88312e42448a3cb76495a3c8a670b1c5b916ad740a5b9c2556fb716244319a86a48b35038c3458b988351e2f3256cbe7a9dc12873aab4c2521b04ce29a46b24824c2c2dcb4e5e0e194dffcbf32ee7b4b9b57dce9f8e41f3adef79f33beebff9510b52dadb6425705a954c8c452558a3d3b230edc2ef8955fdce05bbf5ba3b447a3e8c49644147cf8fd23b05dee7b93e657ff75c1231fb3dc71c390d50b924ffca16766d7143b77c3ee8331bffd6b7d7efae73a1cbc56b15a793efff006ffcbff3e475e143cfac9113b7767bce906c7d1cf5b92a98883774ef39907daf452c53075dc7c770b290caef6ad29a1593b1d71e6e982f3970ace3f3b45679763f61ac9477ea760f149cb930f0bbefbef77b179e855608da41b2bdef3fd706877c568e8704ea154cc0d873c77bfd2410effdb3f1bf233ff748a23afb0fcc22fe4dc76ad20cf04cfbee079d77bdb6865295d8c70151e8d2b1dde16947d41af1bf16ddfd5e3b77ea5e0230f1a942b593e97f09d3fd262c77c4559423658e59b5ef72ab2e51fe4977ff5b748a67670d73d7793e505878e1ce49bdff56e7ee3bffe31bff3fe3fa33425dff6aeefe5baeb0ef3c0fd6d3efa277fc6735fbc407fb8c17bdefb6d4ccda4a8582354c9cdd7ef2556d0eb746977ba75a0c18b23c276fdedc511ac099f637ced8b89a9579aeb4ad7eb221fd6717a1e63431dcbca3b6c69518c48744eda5aa0134fa146f3445a303d37c3c5d573ace70396e4093c2d7abe8b9c2f4239c62ac7e0702644a168293106a433482131a60fb2209602571524b163633442498f1416434ce2da0c6c8252c1f4ae554a4ba6e46a99b6dfc3d0aca25a0bd82a6569f83cd37397d8bd43d6ccc2045f7438379a184c85e786bb627ef3d773de7dd8331bc1b5b7081efe8ce5e69b22b275f8c8871c8f7f5af2a16b0df7beb185ad72b2ace28d6f4af8c81f6906eb02a4424531bff69bf07b1ff4f834e66fff78c42d872c6f7877875ffad59cde30a590057bef967cfff7b5b159c61d77c57ce270cc4d37a6a418ee7ee51c975632f6ec8db0089e7836e589df52582379f3bb1dbb66357b5f9773db6d924bab866b0f75486581a97c6890633d65ec78e4a9212796ba5432e2a14773def14ec1777ee70c7ffcc7433ef145cfd7bdbbcb7537439597a808740aaf794d44241cc381c222c0096ebf33667a4a6032cb7b7f44f0a70b312b6773beef6fa77ceafe92fe69879e4f79cf3b52eebcbda0cc1d4a056b6f6f4af3ead74e5155ebc8d4610acfd7dd27d97b608ae79fb2c43ee6f04d3107aef1e41b05ef7ce72b98df39c3fada066ffdc63771e8e035244ae1ac452989b5866ffd8eb773f7abefe1cce9b3ecdbbb9b8307f7301caef3d66f7a3377dd7937526aacf5ec5898a6d3d31cbcf666cad2e1bda2c80ddff44ddf848e34a32c634b7ad68b20e35f77d4eee6af6a88cf7ee633be098b0a8efa509055ca942f9dfc00cbf919b22c6321be9e4bd569a6a2dd4859722c7f9c197d80ac5861eff40decec5ccb4676969429aedffb3a0a2f78eedc67317e996be6ee61aa35cb63c77e1b4f4c379de2ae23efc05496322f31aacfd9e5bf20cb3b743b3dd6b20ba4d1142e1f805ea0e224caed60aa1db19abdc07cfb4e964647994d6f6663f02c6bf96778d5b5153b2389f5aeb68e4d46b24884132061c3088e1fb51cdc030bb38ac535c7850b8a23d703a6e2b96705a35cd2ed590e1fecb078b660e75e47bb233976ca228ce0dac392d367528e9db4743b925bee72a4b1c1f53df12c5cb8a878ee694d77d672d32d1e55781431851b71e19264cf2e4f2a256bfd88616ed9b75b51962532519c399b909570e4604e82c1184594187424c88be0f2524db48d874a788a52614c1ba12bb430b4b5434a7091a22a3d490c656e9128840c4d5f5075b490f5211751004ae38c473a0b48a2b6c796e0ac20eeb8905e2c05d659f2ac0e0c1702ef0442ba40380b83d2c14f688d22494b9214bc8da84a439e454859a292bbf0d13f40461dac0d7564421f9682a644a3b505499c10a729655951962614159682386e3a79d54d47ad434a85b56ef3a9d77d379cb35c51f0dc968eb505b95ec47f288460341812a7c9b8e4c7578acc57e48c4d08104da02d01cb1502e93b982ac27181d9d994ac9f301d7b22b59f33f9f31ce8bd8a422d92f57396b275646b44662d16452b8e996ef5189a7584b228d10a1129aac053066b941044711b6b1dca5c4fa206f4476b44eca22a2f22c54ee26848399c4525296bd92a6d6e61500d11cc21dc10eb56b9f39a989d7181330e2304d16577ee4179845774b4e555af68515a475664cc4e6b76ce594a2310dd883befb52484f2186595b3e32ec84a89ace0e61b63a4b49485e3f00d436eba55531515793fe4dec98e20ebc38e69c3a137979802f24220b5c2f820095c7f2446a8122ac75c9c336bc0384f3aa5889ce5961bfa5415e459286c2594c11881adeabc04e942c2b1002f3c1a818e4124a14334807104b133376801e548d4251f1ab79103d35430687a4708a82a14ba2e430f6506a110afa61c09c6b17eded73ebb4dc0c779ac094420e86816a92c552628338727d40b459578519165251a43ac2d5a69f22c07e1ebb6e66156a552caca5194a36028a91bc838ebc946555d2aa342d435528d31e3ba3642501b583ce3e4e117195fb1de37a15f8e4b6c6c81b9978f9ccdda7a32e2bfc96e978090162112aa32a120e3d8f907198a3e1717d7d9397d339a012beb0fa0228f4c5b408ed61d4c35c2b93ec275d12e231f2c53a54bf868375114e3fd3a79b956178df794e50a7152d16ea70cf23ec60c49440b5fcdd06ac5382b48b44753505a8d4e3c45be8c100997cc69ba33c759680df19504e550a2093bdbbcd9607754581c49123358315485616a471b53e6942a9489ef9f2ce9ed501489a33282b2d49c3e6e1164c45e511983f01e190b8adc93b62c33fb62226d188d0c566adab1c7549233a723d24e8e28bb0c8792b9dd432c9273672b4e3e6ff1126eb84533db936443cde71eaed8581fa284e2ce7bdbcccc1b2c22e445d6e9454d38e99893514be1de52c7768f83b543d9f94060b5f6e3a0eea6d6a787e0f6098f610c5c5e983aa0c0d2949a713e74f00dedcf7c7da9dd922111c25ccd38ce563631bd4dce63adb7192f9158b4ae2b888b10931bfa2ababa405448dff2c2871cd2265eb4d1ebe4447990e6a79ff0d78d0fe74510629b25f33264dcfeddcbd29ebe368efec9a19bbe76e34061ef03c0a190b264662686c13e0eccbc9517869f228b13a6675ecda5c5df41b50e51f98238b72469077c9752ac12aacb182a9f617c8e8a22b40e861b6d529cb0211b5d7886c52a49d4a3257a149ca1ad77d18bdaaceba7d1dc492557d089c467239228180ba45fa3951c24f22f70a4eb8809bd3a8410a180c3b672fc028fb7292a2979e6cbf0a71f3014c392ddd7a7bce7c73b5c3836e44f7e73c8cabaa03307dff1038a23b7483ef84b9607ffb2cfdc9444b8506eb23086fe8a63e7ae9876b7e4bd3f3ec5cd374b3efcbb1517971c3ffd8fda9c7ccef1e1df1df2777faec7077e6585cf7fd6f23fff87695a6dc3273f52f2579f2b49d398ee03153ffb4fa679fea99cdff9ad8c83b7b57099e0f08d961d7b1cb6d075e9fb09cfb39fbc2fc66f88cd37ea80eec96e497568f51524af06c6b6f6cda87faf4307a5f4e3b9846880feeaf19e5704d3666f921048ee218a42e580f1defd662ee4cb88267de9f1358e1d7db1f9c33d88cbde7f39a3210a7a9c5ab565a280a01acda8bf882663b6eb58ac36b0d532c60417c5540c36db4d34957169f80c73ed57528d127213d3ed78ac8ae94e5fcfb0ca98151569ab4b9ef511d261658457e0a2290c1d44e2180e5631b2c7c8ad01f30cc509ca6a8d343a88d0258a14233728d1c82a677ffb797626609c468af2aa371bfade1b6c21f8d33f1c71f39b16b8e6c601e79ff78cfa82f7ff56c6c15b53bee92d333cf6a982df7fdf063ff14fdb0cf28a77ff9d5772fb1d8aca9f406ac3f9b325f77fb8cf8ffd6c97271e2939f67ccef537c61c3f0167ce098acc72ee5cc9dc014959e69cbfe899dea778e64b39f7bda18573053ffa3309f7dc37c3cffdd806e74ee5d0315c7b4bcadf7adb02ed7444efc090b2087d3f1add90fae74b190a5e82a03731f25bdfabdf9f44cc102c1d5e9388caf8da4dcaf0e212d96661e889aa1a586fa02a89744493992226b9bff72f8fc3fdf71a2ff110fe3a06211dac4c751accd66420bc0499ec63ad789a27ce3e4225325aead50c469a911594f90cb9bdc068b0ca689832dd3158d6f02247fa9d98b2a0f2392d394b9143652d95b5383bc21b8bf4604616290c2aee22fc01501653b44848e8fb3318a350da52f90e2d5a946a096813c92f32d3a9700e6c24905630494cb7c0a08050eb32c225095f7c6415bd64f8fab727bcf082617e6fc20ffc708f6a6dc8f5efb1fcda8ae0e889825819fefc7dc7797c67c5be43f0bd3fe668cd541c9d562cc415bb7bf0d8139e0be70df3fb2216ae8313cf652cadc3a19b05a79f11ccec4979f36b158f7ebce0d5df50914c697ef5174afe60e122ba93b0738f667d5df0d083055ffec212d71d12fcf03f10cc4d09ac754194f42f1e40f26243caad4874a5e1270eec324415dbb8e5f8e26da15fe373de36f7242717045093846af29759384523774f2cb189f49797d0fc2a90f4a532395e4c6cad0fc56f83b7af9664e89a2e6e3bf0a6469a42a9353a5ab3bff32a96363ec75c5790ca3d8cca33cc4f4b2eae0fd8616f22dd1353d8755c35c0db21ce58daad0e4b4bc7d8d1dd4baf3387bb48a885e62da61cd1ed74986d4d212230a640bb4b081383f554c290e805e26811e3724ab386d4bb591f0c69c98c23f3ab749290ec2aac7a51800d99e50295547cef0f77f9cb07331e7952f0c8972b5ef70d9edd33a0a4652dd2cc29cd6cc751194d3463b9f32d86a979cd5c4f625c4629633209eb7dcffe2331f73f90f1f13f29b8e19636f3bb2cf77f3ca4dbbcf6eb633efee1117ffe51c1171f17b8dc93f513480dad3d3dd6362a6e3db897fdfb5678fcb121effafe59defc9d113eb34c4723aa4a20951b17249e64120dc7dabcbfcbe1e54ae33278bac277c6999757e2a05bfef69b1c75fc5623726e02fa963509d9ffa24e4bd33ada8c8e195fb8a91736ef6da9293b9ef7ffb7dcf24a651ac3dec20834ca5f4ebdbe8221113e505f115a57f93aa1d33b89140a0a8d2a2bbc7c0a170dd8189e66507c1aab9ee7e8f935168739857e9aa23a432a63a46ce18546cb04ac22111d4c19528cdaba8df08688600af74ad39aea2163c746b54426fb1455c950ae6363879797106e67a842a63718c9027c412f7d86763ac08bd0820b672f2b402f265e10aca92e77c8d50dbee53ef8bb3f164ab49756f2fcb38e473e3ac25fccf9fcfd05cf3c6338709da4231def7ca7e55ddfe678dd6b86a45e80d7781fd29ca67a969919cd873e5871e8b0e0e0be84071ee873e6544e6fbac5d1e763beed3d2ddef6dd335c73a3e58b9f752491e7077ea8e25fff9f09678e3fc75ffcdf159d5697535f5ce5d85ff679ee9343866b1aad045bfa6cd70ca2f6dcd440b1f9dc27c5ccafedd87a92db47add5bcbcd1189884c07b5beff7e503ed8b65cb7fd563522eff6b1ee41821bfe2a503a1d1a10485ac299c011f235493e49911c52999ec727c69192f3376b66f66231f5254abdc7ef06d5c58ff2b9657bf8c9e8a315e60f094cee028e975afa137bb9f48b4f1be24d22dbc5014c6d67981925131a2d415ebe6224adc8a4d2e20cc34565c840aa6f43c2bc549747c18459756bcc2753b054a28acb3283936d85df97008fe30e30c5ef5f88b8fe71c7b72886e79a6f747bcfe8d2dd2b99cdfff8d82e9d871c944bce3dd33cc4de5f4744ab6e1692b83cd35baa5900276cc05607095e195afeab0b12e989f93b452cfdbbfbdcbeef916e7cf0db8f146c9b7bd37412796fdfb7bac1eb3ecdbdb4254097134e4dd3fb99b271e1c70db5d5d6c5c71ffa71da98bb9e608cccc7b5c3921fe34ba149bc8f7354aa5fbaac79811d422e6d5e071929fb86df9855fcb54a4ff5e631c4ef715c6aa36433cfae907bd12119e18efcbda715a11c71d9e3cf751be74f2a3e8c47278e11b59ec7f8969f16aac375ccc1f667feb10a55b42889d8caa45a6da0b5c1a9ee496dddf424f4fb3da3f875511b18cb966ef111e3bfa095647c770a2e49e03dfc174772f655ee2a282e168c46aff5996d79f47eb392a6588ca949d33fbb9b0fa793ad3f3b8d1060b9dcfb36f6e05e1c0495797a6e78a04d6355c03705e5329cfc82836fac1e23a332fe995169f2896479efea8a0a77bece8953863c9b21671ab40fbd0fad96241c45479449c94785f82e82053288605a997b8ae0327a18c49624b312aa8bc825644c78311254e39ec4822d288587baacc13f7248212e925e550e25c151a33f9ad469ca6b90b34b56ab63dd02b8897571363af84339b9ee69737b61879aea04b6d1f0e8d24c7b89b88bbff121587f2159ecb0178d2513f167b5ff6ce5ec6983c9097e2689301dd52b2b1be1e4a712449dd0764f2d22bb84d5eca7502e8f5d15132bb423bda83ad2c151749b89edc7c015b9ce5da5ddfccf1e54f707ce94374ec026afa14d0271f5ce4dcd21c4eada3ba96f9f6b528eb700528af7042d02f37a8183295eec3a3e8a4d3ac66a17d72e54b8422d43e3116535ca21c8e68a50983ea02ede83a8c39cffa600d22c3eaea496e585866cfcc2834b964e2c15c0519b748f6c21159cfac722cccc5386f298d05143ef7ecd28a3d330a43862b43b859b79b853374107abd0bbcaf9049055e2284c2bb12977962195c377ee491c285e0802c343689a5c79992d23bbc0b0102910257969842a284a75c2b835a002043ad9ec06c26e5cf1a3c5db8e971e3966d63bbd1e46ac83846bb09481f77907aa9ef5c614d515b4eafa6327982b554f8269b5fd52e8c1015f437ec88f8aac7f672ff93e36bc1d5f5f3e7bfc085e15116ba7b61d8c3a925764cb539bbf8285e6de054caa0bcc8ddbbbf8ff5c1192e1467eb9ee98ebbafbf8fb36b4be46e89aaca4065c84863b54344b344ad19fa6b7d66da71d01f650b2915a67218e37155c8c21ff96516fb9798ebede5fc601daff791177d5ad10de4d5318acab0736a85b9de698409a14d5efa50fb17b8025105267c56bea94018ca6e94b64208d002100689c0598b75e0a5ab9bbe04c09142e0a915b5ba8e8df3e0b1a113af7428eaa62e32442e8d1ddf2a2031a8006a02840aa1669ea61e6b2806a5553035862a6ab0b555448302bed623fdf8c6c606c7ab8ccb2da1571f9388b6dd50b4e9ff631c78d3d4acdae4c6023111907019338009ff61a3005f3dbd6992c64e9cc0d78e3b7e25faddc4b5578bd6b96a0d55ae40c0aec029f5750befe0c8de08e50dce86ea6dd65af6ed7e15cf9ffe132e65a799efdc425e2c322c96d9d77e139d993d7cf6dc7fe08b173e484b1dc21523d26e1b2da688540414cc7452fa0381eced20d6606c81f306e3f2d075c9075dae6288a2cd5c773f1bf931123d87f403907d5a6a11576cb03311ec9fbe44a23cde3611352f797a57389200f0930033fe74cc6ab75b1327e35c9bfa9a0db06e426bb3a7cd79fdc4aa0d1835f3b809ebbddf242635a48d2d74419ade762f2fce09af34be1a03cfa48130dccfa6fdb0a959d55c77f502c39befd59384e26e72f2c2af299a7dcdc7154e7dcb13bdf297fc55be7ba54b3d7ac77417232cc26ba4101834d60e491345927619ad9fa315f568eb3906e21c55f51085dd43aa243bd25b895b1dcaa262685f2015f30817e3ad0227306e9d4b6b67d8bbe70808179cb8a2e63c750943556922d7c6b80b186b1148ac5da7dd4a30d50e32ff0cd3f17112b1012e0aba45ed7b7bd183bb9c14d120d97611bec1c1cb2858a30335176d8397cb38c0a4d1d14f5e7e95c7d65ce027fe145be1d3d713359c67b3cdd8e6da5bf6712571fd324e35a1ff087919588598ce2b20eff860c5b8c66c881795757dd54d434e736682897bf16adca847490794e0232ea346db97bcc2bd5cf1c3af625c692ab1edf7a01d3444b679b257dec4575aa84a22d095f378e182efc70358a48871ce623ca41c468a8b2c554fb2e24f51557790666d86e58025b3821f9d208a3da9b99dc2692a59860c7d2799eade40dcde45aaa7299da0748644a738e7a82c18eb90aa851316e335c2cf835ac49a82c8ef21731b4cb597d8b70b621fd170a95ae2dc8e39e168aea2b33431955b0c1c13883371656df409d038ae39baedb200acb2461457f795a006c0bad3920b3a63234e6e8a7c5bb9af18f3ce008c7262354f733fdb11b19e036802a19bee4fe2452176926284bf45ad534f7ee74a5c744c3b1a234dfdda6c1be469fa788d679741b40fc5a31d42d78d81ac0567a88bbfbecce1c767f1df638448becd6a0af03245d0af607e24b5f3550890a11393f3d0569e6e342441922f2750ed6047ef106d790d915474ba1dbc82bc2f99d25d5a6901a6a2b01b88b86065e5128bcb2729f221d68e4058aa320f54435a8823ceae1d67580e903ec1f911a5bb045e539821a67c9eb968409b8a26127a0c4a2f72bf63209f44bcaf62bc9cbc6ff1227fe1affc7cb638ccbfc21d6d41aa0967dfdf64f3b286a04cfa16c7e2fa4b7c538826c655d63d2243c9499a8a6d5f91fa3641a8265e5fcd105778bdd4f5e1e7e633185743ff6bee416e1ea61fa3b9f7a1f481502d96477d2e6617d8b5eb76f64fdfc0f2da47f0e531a4974c4df7e8a6d75346abac8afbb13627f22da0c40990cab2b47c1c212d5a299cc95032d0fec854c455418c20758ed9d60c693a87f7f36899824b98ef1e67df5c85b2211ba331d834c56c9b31c9b7be5608f8373126f5c931fc8e75b1af645c0e8293a2f2d61a2b7ffdfdc2a6c83c69c8119741ecd54b4ff846b46daef7a1e9ebd610cc97b3c9ad6bfccd0438bcf8703036b041d0e72f4b9dfa6b8eb173677c93f5d94829914a60bd61cfded7d2490e63cd13a10c46e75e66676788b4e4c2ca33b4e265b22ae7f8f20aa5ead16eed21d55db2a12137e7d8b130cdb03c8d40a2942252315a4444510ba5ba441d43661619e55fa6b22b5495278ddb08738199d632da5575f1f96db180db7edffe70beca608acb0eea4a630c5f6ca7ccdbc5bced72f1e5f35fb6c60492368624b6e871978b9263f11a36a974f3682775e4b198bc5d2bdad470af3826103370ba2bdd4f2dbdf8c9bd6c9ab0a477412d128e269ca8e98ad5188126f303c5c4e2626c65dbbc4726aef193487f8597dff6eff2fbdb14a7b673ddcbb5d9f0d7d68ed75fddd0cd4372ce6ff6a0b30e91287aa74b368e7d017b7dc5621151168bccc85d5c583ecfd05e425737b1b60c73e9f524535d941664c508b0f8ca33dfbb87caf5e976e6b04ee06c8b519511cb12e3259915f86a0752e58cac27f543325b21e33576cf1f63aeadc04abc7675df09c6468e2d2affcb543b2603236af58a2d102eb6fca8afdb741f8cc3cffc663e9d17b5044da3673613f8b10827c74b6cb2afc94a04973fe989d84eaea0e35e362610eb450e62bba577ebf50d22ba6def6f9334aea0245d16c0bde5c346876c64724f70dcd6fd3c5e62f87afeff7f89ce992c56e521c0c598e0bdc839bc8c110c9c621b45f4e1a1c4238d7eda907eda30bfb4c07c6f9675b7422f9ec5b38bd6b4206e19fae619d6d72f5215ab947e8561b946bb95a2454195ad538cd6096da14ba482ca94e00a24235a3226960ea524b19ec2a893f48bcfd04e2f224485502e343c9980c886524da6e45c7e687f3d91f52be5a40159365b95397739c7ba9c3b4d1838b6ab978da18997ff30af686c995873ebe7be8e18a99162e21ad770a486fa4c7c367e4dd8791ae2d4dcf315adaf3ee4c78e1bfc345cde475f91a2f7d27ae964f7aaad1cf66b56c1ad99674271de1e34fe7275ce2b0d0d0dd006cad5b88e820531469f53ec3c36404cc56c78d8b37f27d246cceb19762787b1d631f215d71f7807fdeacb14714ea417d04a52964b085990972bcc4cef012948e22ece0b22d50acdaf9505af68b73b5c5a7e0ea52e70edee828e22f450ace3665d801610228838f5e1c02677fc5a0ca56aab990fb19f2f67de508d3a24f1c6757a5e9e33ee71e83d682dc7fb36267ca6b6fbbb3da8ba51d3a46fffc5d7065dd72e1dabfe32cced5c68fc240454d5e6bd4451e85ed78c24a9110b4f59d64d7a6a51364eb64a1e1228cb700fcd7969bd8988cdfb571a7e9c3cec0901f72f6e6ef21eac0b84b8c96d6cdc2e9355dc1a2bf2e6f71aa2b2559c0de735f13d3639ddd53a464dcec904a28fe79b1015b686ef7de5c8af83e3b636480bea469f1a2114c61ae2ee45dc1c1c3c7c23ea894bc4a74ba6bfe30ece1f7b9033178eb3547d89f9f6b594c31770cae095a29216633c52efa59b4212f510c46034455ed18df72064445e3a600a274b56b38b14c335f62eacb04b7b6ce11051e8bbe01de8d8a3d2d0ad29cf25f1b8d36dcd892625c4f0f658bc1c1f936f1077d245e0c722a8739067a1b59856d0ee80a936a5abb1bf4ed49c00110a3f394f1cc3da3a9c396d11ca71e8a0248dc1d6d6fb8d8127cf416bcfec74f3bd7add7aaf5a0b56563d5a797a3db129d5d5f7b11d4c8408c07fee9c63614111c7c10d331c3aac85e969c9b9f321c060ef1e89730191ce9eb55c738d228e0397fcf4a72dc78f3ba6a6e055af96cccf85c98703cfe38f59ac857e1f5a2d889460f76ec1c18312296071d9f1d0438633e73c37dd2079d31bf5189127a989f7e04528262d10785184721ebe21fc5befce7bd091248d629cf3144581949234896ba251e13dc45184d69ad254546589528a380e5cb7284b9cf3445aa3742856656a6a11c731522aaaaac27b4f1c47082130c65e166b3a79e042088494c14feefd042a6e45c0eda8f8727885f652e009ed9d41a14d68de892dd1a9273f9fe3f7f4185c7c86ffa7b6f78e97ebbaee7bbf7bef53a6dd5e818bde48a211ac60efbdab51122559c5718b6227fabcb8242f7eb1f37192f79cd8896d154b96143b2a2e92552816916227d800f626a21220fac5056e9b76ced9e5fdb1cfccdc0b42949c97773e1f60eecc9d7be69c3d6bedb5d66ffdd65aeecd1d540fcc523ed640e98c85379f4d383a48e3d8cb1c9c7995c19ec588a4866e1c85de84c9d9dd20137aca0b88d4628cd120ea202c42a4042ac54a4b661366674f3032789005dd55bffb0502dffdd410c4210777c24bcf57195b5261e3e600a7eb88c0cfe273384f55c3ef6c0e8795f36b345baaeae8d0e85a21b29250adc1b7bf9d3271dc512afa4e6c679d25b9fa9af0a41812c25070f888e5f061c7599b0282005e78d1f0c31f7a9a5da3e11819157cfa1311038382b7b65bbef6b58c42d1efaa95b2e043ef0f59b65cb62d94523035e9f81f5f4fb9f9e680f5eb0449fab3bf446f6de1f809c7e7bf9472e5e521375e1f2003d8f2a2e1d061cba73e19b167b765cb16c367ff7944ff8064e74ecbc38f187ef5571442c07df7a63cff82e1a28b4376ed34ecdd67f8f4a7427a7ae0a7ef58befad58c0d1b24c562673dbbbb15524233816f7d3b4349c72517076c7dde522a1a2ebf2ca0999cc2abc8c7f1cd0b535baec3bc7bf39383c78f4df0d24baf502e9739f79cb3989e9ee685175f250a03ce3aeb4cbababa78f1a557d8b3672fcb972fe59cb3cfe4f889499e7efa39d22ce3e28b36333232cc2bafbeceeb6ffc94c58b1672e105e7d3683478ecf1a73871628acb2fbf98b1850bf8c1ddf771e2f8092ebde4424e3b6d355996fd9c4ee1a2ad71efde4afed78ec085028c448a102d1c564016a514e21e2c116ae33a9cae7362db0e645242ad1e632a2832f2ce000bb74f43d72176f7433c30069941ba8848c65088118162a69e50292950012248708923d50d8c052503aab33318a118a8f4d05538468404329c545823919161664af1952fd479e3ad1a43bd865f315d9c794180cd4ca74584c5ef58e4ad97cc9ca64daeb56bcdd9c9f2bf130294124c4f195e7dcd72db6d012b964bc627e0fbdf4b191c949c7fbe22493ae7530aaab370f4b0439ce5bf8e2cb35c7f43c0c60dbe47ec5fff75c6b66d86f7bd2f64720a92a6e3977f39a2a747f0e0839a6ffc6dc66f7dd63fcf328822d8f294c601cb97c98e5bf91ede8e008c76ccccc0c38f68ce3f4f31ba5050afc3f4b4b7c4e79e17f0ccb38627b6183ef261c5eedd9635ab155d5d82eddb0d5b9f37fcd22722369e1970e244c0ce9d3a7753bd2b3b3a2af8c42f45f4f60a8cce7bcb59ef1abffcb2e1c471c76fff76c4d0a060e54abf4e993eb57b2ff06dfdbd77a2dac23e372de39f3ba22860fffe837cf9affe9ae5cb9671c1e673999a9ae1efbff37dbaba2a9c7efa1a46464678e1a557f8e1ddf773f34dd770c105e7313535cdddf73c40bdd9e0cc8deb58b97219bb77ede10777dfc7c5179cc715975f42bd5ee7c92dcfb06bcf5e4e3b6d15a323c33cf4f063ecddb79f55ab9673d6591ba9d55c3eeaef67abd9ff3e1cd51f813b3e8dd019188d5221d266d86601533c8a3d728cc01e223b3e4569e9724ca8e8d282ae35150e1e9c64c7df7f17d5b584c5379d8dabc4cc8a03502aa14484680a7acaa3182dd18d0274456893f9997e41002ec05a45a9d0473d9b458912dda56ec80e6384420a8171863852bcf46c83dd8752565db28077b6cff28fdfabb1e1a20a715780d5b683b8e13b9849d169ed2ff289bdcefaa199420adfa93035f3366407f4f608369fa7185be4e7396e7d3663d72ecb0517ce0fee9ca33d63c239ef2a5e78418090de0d2c140503830293031b51085ddd82458b253ddd828f7e38e43ffc5193e79fb75c7fbd4208c1ee3d86e75f347ce2632185a23f4f2ba69c6738e602a1796c5a2c40bdeed8f6bce68ef7853807a5a2a7ac95cb70fd7501f7deab59b428e3d831cb1db7475827d8b1ddd2db2358bd5a509db144a1e0cc8d9234ed6c5452fa8d228e04dacfbb254dfd7dedd86958b74ed2dd25989a824a59d0d5d5a9b33c19d471b94bea5310065f607c6a04ce398f2e964a259492ecdab587f16313148b4502a5d8bd672fd56a9d7abd41b952225001d61aa492944a451c8e1d3bf7902429c74f4cd1ddd545adde64ebd617a9d7eb38a0904f1f0ec3804b2fbe908d1bd651abd5b9e7de07181e1a64ddba33dae3c43bd7f56e2b7ed2d772cae317715b83ddfff9cf5148845168d9c05847d7ca2b484f1ca27ae408c565aba8995de8378e42d464b2de60f26945b26786816b2ea2b46084fa8ed739baeb287da7afa1797a37b38140cb06497a8c7a6d1ffdc36594cc08e210951409c3984a7108ad6b581a28a1e8ab2c46987c308b0c30ce2094c3a48a279fa873ee0501bff1ef429e79b2c4b7ff748a7bbed664c1801f245a8a03642c91cac70713c76a581b92a49a2c85347164ce615c482c35ebcfadb0f44c8113196dd75542bde178e3a7962483c3471c3355b86c8dc4689fcef0e165aef4d6f98e77c2435e690ac6382a15c18fefcb78fd55c3e7fe558c36de752e14c01aa8d5a018c3d2a592631316870201f7ddaf59bd52b26eade49bdf4eb9f0828065cb24cda6075cc49c5c8e10de9ab6e2dd8101c1e597299edb6ad97c81258a726592903461fd7ac54b2f39fef44f52aebd366460d0772d9f99d5c4459f3652a1444a89b09628f09e4514c0b163f0ddef68fafb214dbc625eb059313c2c191f779c71baccbd8b1c64339d983c8ef35c645b1205cd2c67c1d90c6353bf96e2dd48acc08f684bd38cf16313fcf7bff8b2a751669a5aadc6dffccfbf434a41660c5a1b8cb104ca5b5b630dcd6693bfffcef7013fa4c618c31b6fbec55bdb77e29c23cd526ad53a8d4693288af9e0076e278e42befcb5bfe11fbef3036ebae11acedcb89e642ed2f53314ecffab9bda3a4fe04499faf1692aebd7a1b32a8d970e20e55692233be81edb841c0ea94c441482984c940997f6d377ce854cbcbc9dc9075fa756de8e1caad0bbe04cc2ed86a050215e3d44945a0a2e64687009aa10104987c81c52436053caaa8816824c5b9c4b489363f414521ca61dfb0781e2c411c9cedd9a6b3629ba52c3bad501ba12f0a5ef36e80f0c448e8880c480531aa514d5594b187821374613ca0083458619f559c9e5879b7c6e7d0915663e216da150f0cd737ff4a38cd151c9fefd8e24718c8d09ac698947c731911232ed6983ade0b35482071fd43cfe84e6339f8e18199618ed63ad6613320d85825792be7e41b3e1e3cf975e323cfbace1e28b1477ff28e3273ff1eed1d842af81fbf75baa55ff77d67af7717858b070818fbf320debd62a76eeb43cfdb4a1afaf03fef8d85270f125012fbdacd9b821c0ea1015f8b8d85a0803c1eedd862d4f66386759bf4eb1f97cbf7e423a26271dd680f60c4632edef5fc91c95cd17a59d87cdd1db2d4f19268efb3c2bf8d7ce3d3f66d9124196f80bfc99e8a55f72b234a32144db42a5699af756f5889692922ccb4892265353d354ab558cb124694a57a5421006734ee8092d42f8b0a6bbd245b158f0404c8ed80ff4f5b162c5328606074e592bda3ac49c73fe22c72f04e0941697b1e93476f20412c3a2db2f64e2b167d1493fe93bbb08574bccd1fd9c3891a2874a8c2e1886b70fc3a221c6aebe86da91fd982313f4ae1ca67a700fdd13827869c8c1575f47741ba28118634ba42620490c411481024d861001ce8538e988a308eb66f1e5459216795ac586b010904c4b8a05c89a82660a7d6325faba04a934082709f196d159e85111561862a598999de1c81143ac0499365c706b1777dcd90571cd43eb79fac15abfebdf7a73c0ead3146922f8ce77129e7d4673c7ed21ce79b7cfe1bfc820f442eef2945d14c1430f69eebd37e3577f2564ed19927addbf4f880eb1baf5589df556d65aa85404975ea268341c6fbde5adc9f109479a3a6420d8b1d3b27b8f250cbdbb3835e5b8e462c5a231d54ec11803575c1ef0fd1f6694cb8252b9636d8c71f474c3d898a4b7df61ad40e15dcac387406b819082fe7ec78b2f5a8e1f776cdeac301a7a7b249ffc64c4e0a077c725e45619060625f57a5e1e9ca76a94eaa44dca65a8d505a1822886a929bff978832e90b446afe5b645b4d6c85fb814924c6b7afb7af9dddffe2d8e1c39c2e7bff835b22c6be7758590482579e5d537f9833ffa639234636a7a9a2cd37cfcae0fb07edd5a9254b753239db4884746bbba2a686390d24f84bee1faabb9eaaacb088310ad75fb73fe7f3df2344b503d90207bfa4977bc4acfadb7912de9a370ce727a375eccd12f7f8da19910d5bb90a1f34e27691e64fac0214ab50c6567495f7e08d9a892aa2e66dfd989d68e4469e240d0b37c39c75edcc6cc91dd94cfbc848a1bc44a89b68e6a52c3a05142911a8d15166915049eb4de62fb69ede81d8273af8a78f1e99487bedde48d1d2981d5fcceffd9c3cab19024777564de82a3d5831317512e0b5e7aad9f7fff7f4d22c202266db0e9f494334f6f3033ae11218004e18b9da580254b240b1708c25070c18501cf3faf6926102a4718e6b18cf4804cd2f46e6218c2be7d969f3ca4f9d4a722366e5454675ddeb0b703b90581b79eb52abcb3cf72f1c50a6b61f122c1673e1d21042429fcb7ff9e70c9258aee1e49b5eab8fcf2804b2ef6f22a05682372abe490ca83296906cb974bbabb050f3f6cb9e412392f4faaf2f769ed10c25b99152b1ccf3ce33876cc71c669216b4f0f397c58532ef9d40ee49b09de1a5a0d664e1cb87285e4819f68a6a71d0b164826261cb3b38e81014110c0e6f3d53cca9c44504f1546e779cc16bd2df72e3cd7d3765847c2f7ca5152b06ae57282c0a74dac73b8dc524ae9addaf4f43433d5d9b652e11c03fd032c1a1ba3d14cf222f193954a926529499210863eb51186a11f5d7032843eef69cb15f82719c7f9e7a07d8a36c21cf49eb31c4a451abdabb07144a41dc1f000719cd1dddfcbf8b3bb280d0f52dfb98bac02d1aad3314aa3d215cc4cced268588acb56920e0ed25be8a6363d83a8811ce8a2478c32fdec51a245450afd11b113c456233404689c3384524210926535a430e00c4ef82cb2b40a6704d75c2378e649cb7ff88b264e5a6ebf6b800d6b2c329da52cfd0e8bf06d1ba135f35e509486ee485012926b6f8a78f2e18cfa94c4d49c1fe262fd88b4162bcb5ac1d4b44727ad75ecdc6189222f583878fc094da502e79dab78f3a71ef08843efaede734fcac08060e52ac5c1c396624110fa241a42389a89e3c001c7ecace5a1870c99818d1b155a3bb4eea42a5af9cc16b3c57f73f935e0739261e42fdde672624ccbdd848b2f0ad9f25492c7aab4193342088c69a1ce9a543b56ad540c0f5abef39d8c4b2e12ecdbe7d87fc0f1c94f86edcf72d6375376d67b2a2d6a5f96c1991b254f3c29f8ead7332ed8ac78f535c3f265921b6f08485368363b56c5e7827da30d94c0b9d6f7d6ce6fb42d668b56281028e9e3c046a381d186280a09c3805b6fbe9e05a30b78e4d12778f1e55759bf7e2dd75f7be53c68767474946abde14bb74e82a6bd22073cfce813ecdcb99b0f7de036c6c616f2e8635b7872cbd36cd8b0960fbcefb6765ef2dd54a9cee97e1117f4bd94b67565c1d11f3c4854ea63f45377503fbc9fea2b6fd3d87f987e1933f3ca8b94cf5f8f5ab610e512c2e38ee8f809ac34a89151a2957d545c4234d5a071fc00cd462f62a64a7ac91acc1bbb69bef20603dd92c2ee71c233ce62d244ccd47be88907c90851f8d84818102e001be1846d0f6a904ea313583a26f9ccaf17d8f27089254b3537dd6a713ac3e0c739b784b2dd765e0820c5ba08230483a392cd17198e1d0928f6c45829114196cb81ef4d1ac58242d1f18fff98218426501017e1c61b03bfbb5b41b5eef8e18f34dfff418631f0994f47380bda387a7a056fef35fcf73ff323dbc25070ebcd8a4d6706f40ff824ff17bf9850a9c0a24592cf7c2aa4bfdf2b489b4ce0bc053bef5c495feb77747ed73a5a3a6a0c54ba04679f252997bc555db94a72d34d01ddddde82eb1cf18d22d87496a2af4f609dc9e364c9873f12f1e3fb53befffd84ee1ec9fbdf1fb364b1a4deb40c8f48aeb8222088f21c634b78728244a522f9e54f47dcff40ca030f6a4e3f4d72d9250a3d27b531f7de3a71accbf3da27411f62ce4b39f2ad942408432ae50a95ae2a5114118621d75c7d051bd7af67cfdb7b79fca9a719191ee4969bae23d33a270474e2519d693f27658e424551441cc7ec7fe700cf6d7d813b6ebb8972b9cc91a34779e6b9e72914624ee6c1b75d560fdfd39ede363fa1fd0b1dadeb9baba4e29b577fc405837d84a123d34d84b1547f7a88e1f75fc5f83d8fd3d8b587d2c6e5d8594779a0974652c3a6864885c850e2f414568764b240f98cd3080347ef8d1760a634e98143a42f6fa578f639c4575dceb3afefc3660d562d1966d9701f38683667b11674e330ddeacb08b10fa17c21b175de6a4921114a90d98820d4b82c4558e901953934a676312f3e952194a36e028e8c2b86fa2d8da6222e687a624d2bd813f9c4256d607cdc3233ed683404e5322c5e2c289705c6f818cbe13874d870e2042c5800438312630129c8b46366c64f4892b93075550471c10beee414d46a8e42014686044ad1cec7b57aa1b672cc1e99ecc497730576eed39660cc13032170c81cd1b4ed3483afe86f9da18ddfe591b9a5565314624954b064da22f261b352f97b6bcfdd60fec620a51fac93a6de5d9f4f87cb37c73cae151224115634c8b251e2ca1f204b8bb126a535494a38b0d6522a1579e1a557f9c33ffa637a7b7bb9fdd61b99ad5679f89127104270e9251730383040a3d9c4981cb0032a9532176c3e9772a9c433cf3dcfc1838759b7f674d6ad3d1de37cb78946a3c9935b9ee6449ef288e398a9e919d22ca5b7bb9b300e191a1c64d3c6f598dc1d6eb993e0f3d9cd9959a452c4e512d6188490ef69227f91be3941d87498ea24b5461721902535c23337527dee654a1b37120fad265e32883e368e95096112618dc48a3ac69428867dd8cc204a65825523e8675ec14d369143437485056a490fe9f11388b4c9f4b4a41286281312071e502956baa8652181d298460161bd155173aa07a4b5d84c20833ab6297cd58474edd15f023f2a2c085da79768607040918c558b32ac1674159a5813e08c474eadc34fc372104858b2582296d0a6aa65590e5a884ea9ccd2a592152bfcefb2ac13a286816068100f28e40ad66a4d81700c0d094646fc86a1336fd5e49cf4a59b23e4adf38a39bf9b6795de9d0768bf8f3c4dd3a6b7b839d4bf39b14e4b51744e8ea8747b25c8b421c879add681d5cef7a6cdd325269b739afcbc69e2c1cd34a313efcd51c42882201468ed682606854204162352cf869a2390addc64c7db944ccfcef2f5bff976cec3f54df07f74ef835863f8ec6ffc33eefac807b8ffc70ff347fff79fb070c108676e5c4f4f4f0f4f3cf9344f3ffb3c9ff8d89d6c58bf962c35a8c0a3af0f3ff2246ffef42d7ee75fff4baebeea327eefdffe21afbdf153fef9af7d86db6eb98966a3de99f53877a79ce3063bffd5e6abde1ab1c7298f534dbc6a4fd5ca5f0fb258108e2e25a4866e8674c50b0896f450cd6609e219c2d5214164704292ed3941e82a6442638dc3ea26d880cc26a42734a5a9599af569aaf529ec09d06fed25ab651487fa7199653cd14cd73346ab2952c40832b2c4a0454a200aa46e214eec24b402270264de39cde010cafafea8ada0aaf5750b70c26233c5be1d8225ab042a264ffafb6ee95a7bc976d68335de1a7a6169f1425b707ce7235ae89b4f524be563b234039bd3d4c2c82bab2037b4f908336b4185029de47c5f7224d6b9b6856825d48df1cfa3dc424be151da24f1008d9002d5d12bb4c915234750db2157471bf37befc46b27bfc5185f752fb048d5b90ee72c81f2204c148936097c66c671f8b0b7eaa3c3823816b92b2a68341c4a3954e005d137e61279d2de5bcb770e58f61f700c0e0896af5408037e96a499efa6e5b17f1bf1cc531ac2f994c4e8f010d75e7b2542081e7b7c0b1313c7796eeb0b1c3c7898a3e3c728958af9642b7fdc76eb8d5c79c5a54c4e4ef1175ffc2a0b4687b9f596eb114212462171a140a6336ab53a511cd355a9f0e49667d8f6fc4bac5ab5823b3f78473eca4eb4ddca7975786da8d16f644208ef819ca46c738f56e1be949df7b5ce1fa812944606987c7c27b62088c64aa4c74ea04fcc60260dda5aba965650850a4e8518422841943a5cdda043814e04ddc38b28848334b290b28d288c8e100c0ea1a5c04945554053a7a8b8e0991cc220ad26140a652d93754777701536a91005cfa3c4511c02eb942f549566ce4dfa9b7278058b6278f979c3fffc42c2a7fe45cc86f354c7ba083cf9ddb604321f422a3b654f2d816e2fdd9c9f5b71dcb1638ee3271cab5779cb2704bcfdb6657050522af93eab6f6db73cfc504ab5ee38efdc80cb2e0bfc228782bd6f5b1e7d3443e7b0bfce60fd06c5c5172974068f3ea9d9bbcf93c47bfb7cac56ae80923eddf0c28b862812d4eb8e7219e2d871f9e52123c3a21d43ceffd2edbc38cfdf87e3d884e3d1c734d75e13303020d8be4bf3e61b8e6baf1574773b1e7f4cf3ca2b963b3f1c303820397cc4f1b7df4ad1c6af4318083ef6b190be1ebf48fff09d8c817eb8e5b61025050f3ca0393661f9c89d91cfdbde9bf1e416c392a582bd6f3bcedb0c1fb82ddf16f28dead40e5c6b66a8c5184f0cefaa9479ff1d370382e7b6bec0e4d4342fbefc0a2fbef4320e41a35e270ac336d1fbcc8d1ba854ca7ceffb77f3c8a38fb376ed69dc74e3357efdb5c6184d1004940a851c31ced8b9e76d8e4f1c27d359fef9aead901defe4675bc077b1174e3aa228ca491b196118e6d7613ce1dd09453d692208098a0155098150202cc684043244ab089dd4104d0dca406a20cbb0ce2203854b2dc1b221a874615154676b6807a15124b3295668e82f232c541b19f53425c3922acf55b4284c6cd93d3d06c1fb592c4fa7dffd102176a18cc6a1e600342d33df6981942592a7b634d87128e3e59702cedcac6835ae9ae7ff81df79814e394ffe720b913d692dadf5d50a3b76589e7c52f39bbf19532efbd7b76d335c7aa9a0a75770ec98e33bff90b17c8564e326c5fdf766c405b8e46285353ef65cbd5aa1141c1db7fce0fb9a858b042a50cc4ec3238f18162c149c7186e2c5170d08cd8d37054805afbc62d8bddb72e30d0a878f532b659fc76b754def6cb2a79212ff9a94826ad5f1da6b964b2f8650c1f1e38ee79e355c7b9d61db56cb7df76a6eb92da4afcf736ce308aebf2164c102c852c19ffd79cad6ad865b6e0e6834e0e851c75bdb1d575e0552399e7a4afb3ce49d8eb7b61b1e7ad8f0c94f865c78a1e2e5970d5ffb7ac6cac5828de73accbb04b7531739772331ce793247adce238f3e49a002562c5bcaf0d0207bf7ed67dfbe77181d1d61f5aae5f4f6f5522814700e5e78e1652627a7d8b9eb6de242e415bf2d4702a514afbdf626d56a9da9e9690036ae5bcbf2e54b59b860a4a3842755a5cf5de35654247392f49cee95edf7cf15b4ddbbf750add658b2641147c78f31343848777717db77ec2250814060b1ca0747dd63fda4f51a26d058e5b0ce12763bdc540d4b1511157081214b05411863034710189c9d2439d124a04e683434ab506f62eb09ae185189ca844a91a0686a8b330e61039c3628ebe811111361ca8cb684fa7412374897bc8fb27a0d27a79038a4936d0513026cdeca6372c2b17bb7c5551c3b766ba6a762ca15e12754e523b7112db60cbe73f79cc0c4ba3993764f5acc1672582c0a4a25d11114e95dd62cf3d6e2f021435c803b3f14b26891647acab1fd2dc3a5172bac750c0e0a162c088822f8c10f52ce3f5f71e3f541bbf7685f3f5c7db562f3e680cb2f577cf92b296fefb69cb9511246b069934749d354b4993849f2ee5e3a38da13863b1b78a7cd84943ea6cc8c77a143e563bae79e353cf8a0e6faeb032eba50b513fbbd3d82a141e1a967a9a3bfafe3a959eb880b70e890e3edb70dbdbd827def38962cf69fba638763cd6ac9599b1433d3b07e7dc0ba758e1dbb0d679f1f20546baf74b9d2e5b7207221cf7391ce7a54e8d0a123fcc517bf4aa55ce277fff56f71ced99bf8e297bfce2bafbece79e79ecde77eeb37c0d1ce433eb1e5699edbfa02511cd16c2424cda4e31ae68fcf3ef73ccf3cbb0d6d0cf57a9d756b4fe7131fff308d7a832449dad6b1250c1d45141ec5179d50606e2b475a6ee85ce5758e1ffee87e5e7df50d7efbfff84dee7ff061aebae252cedab491bbeff93181ebeba3642559146244814ad4436a0de32240ca22ca298411982c25491d51b7029b619214112a948d68627c1c3339c36c92508e0c6afb76de79642bb3718905b75e4d5f14512905e84493a10884c00a5fae65819a33f42a874e33eac632ab0750ee66d614d651904f10abede032ac083da091238932865d3b33268e1aac0ed9b5cf72609fe5f4f501c6a43e5e92ad84afefe78ab26d543067b29d22213cff30c6d16cf8772ae517b75ef7a4696ba1b7d7b3715e7dd5303b0b070e38d6ac56b9e0767289bbf7587ef213c3473f1a522a088fa8e6c5c069e6ab2d0abee88583072c679fadb0ce716212264e38ac71ed9c641074b60d39b7b3b3986f2de7a60c5a618fca7f1f8682f171c7f7bfa779dffb422ebf4c91a67315ce93d60f1d32dc77bfe6e8b8e3236b3b8402a5a05a75bcf986e5b4d324d59a4feb80ffbbe111d16102695fa739338d4f3fc88472c9d727fa22f2d6dfa5edcbf6f726e8ede9218a629494942b458220c0e5ad627cb861dbf17febb0c690a45e01933425d37a1eaa69b4416b8d5492654b17532a15b1d6f2ec73cf532c1458b674f1bba4a2430c7739ae233d48d7b2b86da13a09e5ca7f9e9a9ee6f0d1236459469a669ee503ccccce12142bfd2453b3a828404682fac404a63ba2efb4b3c874868c0ae820a0b2a48b20ed458c8de1ac264e40eb14d1151319832b76e394a5f7ac22aa324079e102d853675c1a86172e46a70e89413987ce1550484110872499217411e3d670cc6644362408528a36e4607315a56021c3ee218a859741d6d0d6219d423909185e7f1da61b922b6f88d9f66c83377f6ad8704e887620503920405eb921f130c37b94a4cf5b7cff9866f0f65ecb17be9051e976346a82e3c71d37dd18608c6368d0f79dfdf257520ab16076c63350e622836108cf3d6358b040b2618322cd5ac34c9d078f2c79f7bc9c039a2397c58260cb16cd97bee40894cf272e5f2eb9e5e68030f4f9486d5ca76b9ef008680e3cce3b04bedaa415bb0264a9ffac458be60f576d1d52c28e9d964307fdc6f3e69b964563b20d325e798562e76ecb8929c73557078c1ff565548d868f6fc3f6bd780adef16392246b909a498e9fd8439acde4df8d2508430687462816e35cd00d5d950afffedffd0efdfdbd1efc508a52b18836a6c3cac959379d04a71fcedb6c34b1c692244db22c6d7b0c5a1b9a4d6ff98ac5021fbfeb439c77eed97cfb6fbfcbefffc17fe4dc73cee2f7fef5bfcc152f5fc7fcfcd6594fe5cb37b9b9ace5b9b9c31605ef6490aad5de04e772b4ddbf2f68befa2a3501416c294e086a07a791cb4689a241eae3bb280cf61156fa682a8d3db48bb85fd0a8565199422a476a85efdd61bb513dc34465879d99e444573f49df3244d190d60d61c9121843ec1426f1732d00b24c931903466052cdac8421a9b049862d064c2199a2481cdd49b3b98881d20394a34952a018384e4c85bcf44a95e115053efde92eaaa9e3d1071336ad912c5aa1b0c67a41753e65228394b024db98b4c8ff9b0bdefc2c23592e0bd6ae93f4f743b50adbb6fa8e0641287876ab26cb1c9ffd6c447797e0f1c7358f3eaa39edb4a8ddd662660676eeb29c77aea2548446c30b736b23cd74a7b7776b8e85a7bfc1c20582f3ce0b7c9ac5fa4a0d293de2b97d8765eb739a16e5ae99c0b225922baf0811cab5c366cfa915c451a72548967a17796444f2a37b34bff44b7ebc5d0ba915c223ad975c1c70f9a58a6d5b2d3f7e50b371836468c857b45c78a1e2b5d70d7bdf767cf8c301dffd47bf8b84214c1c771c3fee3c5fb624485249a160299542925ac6938f3dc4c4f85e0ac54ade855b70cbfb3e42ffc0604bbc1142d0dfdfc7e0e0409b1193a519699a128621dd5d15e2386e7f4f73be595fcd1104f4f4f6d2d5dddd065f7a7bbb1818e8471b03081af526d333b328a518e8efa35c2a9d5a0c5c5b35736a5e2705d712a6d6609f531e2d502807a83aa57e8220b51aa3038c0d083524f529e22c22999e22d429e9f8092844b8b4497de2086eb20bea55aad594a8d88db69aa6b574af50d8e624cdd75e42ae3e8dc6ca55bc56720cf70fd05d0c110547315424a940b40119471445245986b59e1a57d48ea20868c8149909a64499e307f7f1d0238fa0aa07e80da6299735d826e5c0317e58b177bfe6a60f15181bccd8bc39e0ab0fa5fcd97fac33b6dceb5c6a0461aca8cf3acebeb4c00d1f1204b6e5cbfffcbe974278a558b04070fd758aae8a77bd0eecb7be9f8d81d75eb39c7d76c0251705649957963ffee394fdef584e3fc35b9123472cd5aa63f932e92b415a9a8777f7a230275b4b9fbb2b97f3efdfc2d265926baef1bc4eaf902e2fdbf205c0175f14628d238ebde5ac9445dbca09e9cb9982c0bbdbb55a47d1b4f69bcc273e1ef2ddef667cf39b19bff6ab11c5a2c8e361ff2fd3104792356b043f7e5033350d0b17f88d626aca71e9c501cb97394c9e5f75c0d842c943df48d9beddb27489e0ea6b037efaa661d1984060e8ebeee6ce8f5d87d13584f47c3fa30d2a5058ad7d8545be44be4c4ab7cba8eebdff41f6ecd9cbe9a7ade60f7efff7e8aaf8c56ae56085108481c23acbf9e79dcdcd375e47a110b795f6d39fbc0bad0d77dff3004f6c799aef7eef87fce8be0738ef9c4dfcc1efff1e61d049917436ea4ebcd87253bdf2599c3c096d9da390adb48820f73ce69cae85fc0a0141eaba29950c06830d6364574c63a24a6c0d6e6098a069888a153065a67444398971da1185fd586b30358d3312a27e54a58b647015d1ca95f48d2da476b0c9accdd0a4481313040512d9c04a4d96698230401947c14103cd6456a7db591ab5694c247014b1a1e0c4e40ccf3cf51262721c21159602b17294540cc230b8a4c8a59b639246c679eb0b6cbb02f6eeb1ecaa1a8e1d69906501228333d608d66e8e90527bb708d74efa7712e3f31e3af9c6bc3547b5ea95c6595f2bd842fdca25183fea9818b784111cdcef07ec148bfebd52c1c143964241303222dbd5f4e0153dcb60661a9a757867bfa1d184552b3da269f29c62b30959e2dad6b465517b7b04c30312f27486943eafa9f352a763138e9d3b0debd62a8e1ef5d7d4d39d171f97fc794a45c1c7ee0af9c29752bef18d8cbbee0a29977d3c79e48865c10289528e077e6288227c4ac50aa2c80be486f58af5ebe0a5977d6ed81a58b346522efb9e399916fce11f66f4f5c0f5d7459db4121086615b81c3c8a7265cbe2e3e77d78a0b5bb89b65cf9ebd6cddf612679cbe86f3cf3b8b244931c6a7bf5ab9bc300889c288a1a141d6af3b03630c596e59c7c6c628140a0c6f7d1e011c3c7418ad0d676fdac8d2a54b48d3046c8b5af95e3bf57bff7afe7b7d1e92dc4b69dd93dfec054171c918e6d05162a5c8acc1e9808a1a256bcca2138325a17ba48ffaeea308a3b089a1693d7322a86508ad71718c88039223d33ca646b971cd3a6aef1c65b09951e88e99aa091657c03a4d234b313af0ed178424711627245a3aac0a49d1e06a145417d399463461f3ba8df4ffd17f64ebdd0fb0f7e907c8d21add0b07b9e6e69b59bcf634864aaf72c6e0cb98ec307dc58cdffe5cc0f8a1127ff7cd26fb0fd559b822e68e3bbab87473466fc1a013810872b3946fbd73bc8f93d7cf03343db062852f126e2de0a2c5feb93170c7ed214f6ed1fcd9e753264fc0c231b8eba3214b96486f55f21cddfaf59272657e357c1cc3d2a5827befd36c79ca303828b8f59680050b2469eada4a2973c064ae220a5ac86aa789929873edce41b1e481a16f7c2ba3a71b7ef9d3213d3d8234750c0e492ebb34404a285704bff66b114f3dadd97fc0b1f60c6f5df71fb03cff8257b2b185921baf8be8eef6759e975fa6e8ed952489b74a6363828f7e24240c05c3c3f0effe6dc49b6f59df09a0e28bab070773d023f0c40ce72cad61a92db70d3c381204012a087c6deb8929fec7df7c8b5aadce0dd75dc5a73f79174f6c7986dffc57bfcb860debf8c4c73e4c6d66866f7cebefd9b7ef00375c7f351fbef37d6cddf622bff36ffe3d7114a182208fd135b57a8d4b2fb9903ffbd3ffc497bef2d7bcf9d3edfce4e1c778f8d1c759bd6a25bff9cf7fc55fd3cfd2b99f93537cb72ccd69e9e92c7e609045e0d32781983a8c989dc46887d32971b140da5b20933304c108615dd1acd7689c3840a9284037105613a9081b080c9662a580b08e78d969340ecda03474f594092a0956587a2349545014ca116ab649107a12ae120617096ca28954402415c79b1952c6d8ccd025143501c7b206bdc345eefc958ff0e4dad5bc74ff7d1cdff52677fff5dfb1feeaabb9e1ce6b199f5d81524fd0577c8be9c319dffeca115e785db3684917bff7bbdd9cb62c43372c5a1b640048d7a632751637574ce6a3ab690a2b572a962c91c4b14fb24be0c61b02941464a9b74e77dc1eb2f97ccbcc342c5aecc9dbad42dc348573cf551e50a2b3233ae7ddd2f7bf2fe2da6b3cafb5ab4b10c55ec98d85f3cf6f154a7714d1c7529dd4c61cf4fc5dcf2b65c14d3786d41a1ed829c4a25de9313820b8e272e541a0cca3c2b7dd1aa2b5bfe6fe01c12d3787341bded52ac6126d1cc6f815dab0de73fa4c5ed7d9d323da394ae77c2c3abaa0e36ed6eb3ece355a10a8bc846a8ea8cf936f2190d2a7af8490689db0ef9d034c4d4d512addccca15cb79ec89a7d8fdf63e464686d13a23cb328e4d1ce7e0a1c3944a4556ae58cecbafbccebe77f6a354d08e19a330244d32e22866c992c5140b05b4d6d4ea75b234a35aad629d6b8330a7502dc0cb9015f395d5e5d73e0f5d9da390736ecf6f3ef9f719e8da148e2675e7500d87b1161b184462914101548ab48e4229a45a88b199025182b800a60a14b0a966a29af0f6829866c131d59ca17fb897814a2faf1d39c2fa2565ea12a470345243a21d9931c40894032d24496a90a249490634448c1296e3c621654ac3257469879386f5976e62f919a7f1f4f77ec88e9fdccbae975fe0f82d57637a57b3400f50342f93cad7d875783ba32b633ef7b91e562dae91540d08850c1c6de6476e5a7ed67acf7d39901016c5bc26beedd482f3b193d630322c5930ea799849d21aaf3d5f414ef54971e8280d8b3c4fe61543083a439ae66ccfad38b065d845fe9a943e6f881368ebda39b096152e16fcf94faeaa683d97d2bb972d5278cb2bb0c6a7405c9edb44b454cbf36c3dd3a9f559ae5dbe25984f3144425c1079d700499e009eb7d29d625eefc22aa548d3946f7efb1fb0d6b45b3666594692a638ebdb2c1e3c74982ffee5ffa05888b9e1daabf9e0fb6f67646488996a95567b456335ce3ae2b8c0873e703b2b57aca0a7a78b7aa3d1ee0870f105e773ddb557b65b379eac40ede7827613a45391c0c5cff8c285101ea8cae3489727bf858040ea2eb42c5392862627b09598a05844a4754cb54a963aca89a25e0da1d445508cb126458b04271405617161c8b166c05bd34d84eac212420249bd46af89094d91b4e1aba91105aacd8c6666e91101384b8264ba99d115286652edcb6b94249582485a026d095d4cd5d5910d5838dcc5c51fb892ddcf3f43a16f88befe1ec67fba8d975e7a934d175cceea33d7b0e4dc7b38f4d36d0c950a98d413cb7d13a416602338c5434770e68a48ae08f377edf98b1c86ade9c81ec2f77c4dda3584ad2308e88037277d7b49d2e2ae7ac4d3f345bdb0b72a225a8d89b3cce210043948a314349b8e03e350881dc3235ed6e7b600edd436ce79cdcd7fec58deb902343767e9d7af85c8b7c9296efefbe7fe9c6ffc275d8fe3dd8bd0ba169703315e489bcd260f3efca88fe120a7936964eee66569c6e12347d9b3672fa3a323dc7edb4dac5eb5926aad461484446188d1862ccb30c6a07206cf599b3650abd7d14653882394920c0ef6b36edd1924cd94344b4f797df3aef53d5e17a77263f3ea997609559e6a91421218750c271ca669885c44726c1651ab12d4eb8483155c2c203058a32954428c6b62a4260a4ad4b544a8190ec63dd87567d0df48399aa45462456035ae002b47ba499ab3483180ce7c7b078b224d0c4638ead28276a82024b19e1caea4250803168808a11d33b1a08ea09a662c540111197aef7e98aab1f6fd6771e8856dfce0afbecef8b11a2f3cf51a17df7505e7dd76077ffbda015e7c6e826b6e8e4952810c7256446e357e5e6cfe8b1e42c2b66d9a175ef0c46b2105cda64f705f738d62e102efb629053ff94946774572d1453eb92e7290e299670dcf3ea791ca37b73a7b938fe5c2c827fb5f7bd570eeb98ac101c18e1d96871fd1dc707dd0cef7eddb67b9e73eeddd43036363821b6f0a2897c5bc09c3ffdb8edc9d9fb7863fe7335a1e9b00da2547270564ad110938d7ae88098290abaebc8c621c93661aa5242323c3be95a2942449cac8c83097dc72237114f1dcd61778fef9977dc99694ecdcb927df505ad6dbf2c0438ff0eaeb3fc5e1b0d670e8f038a54291575e7d83c9cf7f85e1c1416ebcf19a53f74e6d299294efd95bf55d68aaa05d2369f3b56b6f3a1202b77c14359dd2ac8f135762c2a489731aed1cd800112b9250124889550a612d71580015120516c928477481aea048d1389c7454b5c5140b5827d977749c05a30bb14e91e826862616b0c28f782b11501309479b55082cd3c650280644c6f74ec94c4251c6080523619150284ecccef0c4238fe08206e9f123fce38f9ee7d8a194f2ba351c1c9fe191afdec7473edb43a17f90a7df842b6f5a08663f46d411d2f33b71fa7f9b32828f8d366c80175eb4bcf596e1baeb15a30b04a5b2472dc3089e7dd6f0c493964f7fd2c76873e5f0e5970d33d370cdb5129dc1935b0c6108d75f1732336d79e041c3dab592c3a9e35bdfce38fd7499a3b23eb6bbfb4719bd7d82f7df1e726c1c1e7b52333909dddd9059e659fe5ff4b6df139e388575fd45d6b3053a096170682c36279675845ae4dc4491fbe28538e21377ddc9e0603fcd461384c01883361a25255a670c0e0ef0b18f7e9099e959fef84ffe8c77f61f240c439a4982b51693ffcbd20c6bab6c79ea590a8502004992fa09cc52f0d68e9d3cf7fc0bac3be3346eb8fe2a8452f3ddd093ddd2b91ec17bac5d3b0d9253155bae8507707cd8149497ad266bc0f0c86a545781ccd4d12e263da261ac878200278b901e84d8e09a75eaa9a43c54c44d4d511fbb10b96280996a0d6d41388b4d530eef9f60762a61e5e201d0296429bddd0518af627446c3faf299cc5a0a41c058a9cc81ea0cb1b394a443641611499a52d02b2590913a4da154667cc75ec6b7ef42a980277ff800942a2cbef5439cff81eb681e38c2435ff84bfee62fbe0e6181c02d634ff576fae4364a6e2b819dc152f2e55946f866c6d2746ad1729a9d10b4fdb35309b03b69a1172f919cb156323cea39aab7dc1c512c41a3eea5af5685c71ed5bcef8e9073ce554c4f3bb0608040384a65b8e042c575d706280513138e37deb45c77ad075de208de79c7f1f0c39aa54b051f789fa7050679b5c8d4347cf42321bd7d824a172c5d1661f2f810d102155aa8712ef8c22399a79a49d1ba2f39e7e79629f309ebb9afcf09235b8f274b67eba9f34da6ad338046bace24ea16bdccb7439148e1890dcec1ce9d7b989c9c6460a0bf5d26e5c12f45100608bc5269a39152e18045630b19e8efe3f0d17176edda43b95ce28cb357134531fbded9cfeccc2ccb962d61e1c251de7c6b07878f1c65f992252c5ebc8805a3c3eddc601bac69c7b3ccf9ddcfdeb2dab73fe7efe49c9e9bf3710b49601edd46b06229f5d984ecad29545020ec594e717a061b1f01e510a2825155c262113d554355222c0d52277941182a85024ac0707f8561db457f31e09de634d3454745286215e1e28845bd3d2ce96e508c4212630880aad1a499a60844c251a984f408475d58aa2434338d293b4c92524750d48657de789199d94902d34b61c952aeb8eb7d2c3a7f237d6946d7c006d42fff325bbffb3d8eeddac14ccf047b67bab03db730d51c60446e250e8ee0028793162b24e4eeb15fbebc0e325fe776532771f20acf3fb2cce720d3c47330abd50e7812c7f0ca76c381038e6ddb346fbc6158bc5870fef901c5a2689b8b16bbc65968347d273891b36cea0df8e63735175e28b9f383814f841bafa4870efa5ac1be3ed9268fb75ca2b92d213ad0facf949f531ea77a7b5b095b45d0bf80556ce70ae90034ad710c2d856c5f27ad9854d14c9afcc517bfc2e8c8089ffb97bfced0d020c658949484514014c584614010f87f524a926693cb2fbb88db6eb991fb7efc13fe7cd71e868606f9ad7ff16b747575f15ffff4f33cf5ccb39c7df626eefcd0edfc973ff93c7bf7ee63d3a68d7ce6531ff3c86cbb7d47c7a2bb5650fdbfec55755458e464f2d67ccaa0daa3888f1cc3d53559fd1851a540767c8ac9038709a7fb09ba8bc8de067196a10b3d244a5154065db7d4d79c4d3a3cca94d3480c15116295249321e7ad18632838c6b6137586820617f746a05396f407c82840288112122d1c3208282b495712804bc16a4a2ac2a5297d614c9669a66d4655068c6a38be7317a9aa70c60db771e1cd9771da482fd5ea2c93729692755c75d9992c59d3cffd3f7e9a435b9ee6c08137487a3692d42f665971354bedb3f4f21c961a22ec50e37027372efac5a5b60566a8a0154b7508e5007bdeb6d46a1e69940a1e7ac8b07d87e3539f8c88f32afa471e351c3eec4852dfb1edf6db420ff6083f406772d2b16eada45812d46a1df0647ac6e545ca1dab7e12a2de3e5ae5672dc16829e89c77bccbed14ade0d001c8b632fd538f166b45cc3d7f2b09ee4e9e1ae5afd339cfbe69347c1545b3d1a4516f90694d9665586b29166240303d3d4dbdd1c4379b52d4eb0d8e1f3f41b399502cc404523231719c46c3bbae5118529dad72f0e061749651880bd46a35f6bcbd172525830303edee76ef2e4dfba76b634b464e1e5dd742f483e2928d84b58c62cf2853598a751aa5a1774513e70c04e0505427f6522e752183e3043a60c23a0eae5ecd6c662149b15a71f4e8715cd9315c59c8482de6c84c8d515760596f997a2af9e9e159768c57e98a43ce8e0a20217092cc59aa8d26ca05d8ac895582c43529ab023a0ad8357d8ca172370b559134cbe83f7303ffecba5b386df385383d453d99605a495604dd5809c74f1ca2b75bf02b1ffb206f9c7b16695ca3ac62884276650308750d4dd3cd70f432ca1d428b26ce05f9fe6ce72df37bce3e690999ebfcf32f74ce200418e3dbdf5f7249c0afff7a44a12079fd75c3e73fdfe4adb70ce79d23db143770c421dcf9c190356b2459e609e0710c6bd6081e7850b360a16f2759af7b912d9799c73f15a2331ac05ad17693dacd944e0e74e698ca9f6b35f3fc6c1b6175f3d5721e52cb49229bbf20e8e417e7179bb448d61deb912409b56a8d388e393a3ece5ffed55f532a95f27bb31c9b388eb58eddbbdfe6fff92f7f8eb596f163c7b0d672cfbd0ff0f8134f51add648d39443878ff2dffefc2f91423039358573f0f0a38ff3cc73db989d9dc53acb134f3ecd96a79f65f99225fc9bdffd57c471dcaee2b7edeb9ce30de47b77cb0379af700640a900957f398152eddf07812288dc24cdf1698c4928890cd330981353d86c86606c00db378a42a17413db34e8d92a137dc3e8b3cfa12925b65e65b85842f5c4d872894ab7a2bbbbe8295b8512a540d14348910c19f882d2b1a12263fd21695ec0e6324333cb38a6137418d0a8cda08a31a099aad7d181a247149869ced25da870de4dd7b3208a39347d8885a56eb2a0ccb008484c83c38d4996c7fd1c4da6a89a5916af1841595059cc94a9528a0cc74dc0b1fa0644b898b0f912ddc52358bb1f4713887cce4c18df0c0b917bf7768e98308f3070f282b7d303b9b0cadcaba994054a08aad38e052382ae2e412d8f298d115c72b1e2ae8f8624492ba70751ecda05ce9ff858c05bdb1ddff866ca2d3787ac5e2d3146b07c79c0b66d09870f3956adf29cd213933ed62c97f384fc5c319fa78b73368e393fb48d132d0575ef7acf290fd196cf396f6cb9ff79733121e7ac5f6b0a74cb85f5876f3d1930323c48a954248a228240315badd24c129454387cf3ebc58bc7003fcb5108c1c205a31e28c94192fe817e868606db1b8f9092c1c181b6172484408e2df4c011be0a7fe1829177e717f32f778ea3e9b106dead88a75a1e81a45eaf73fcf809b22ca35eafd36834505251abd509c4b13aa296a0b319f43b07b0e58870a0489a66345edd4bc194891745345c0d1568ca6191a706c608972da6313e41ac04e520a5144b6c00fd05496f2140e29898696294a13c233863ac8745433d14a290f54b7ae82bfa3687c530445941af10a491606f759aa16289448614844460689a9499cc10aa2e522de8329a29dda4278a99b686296d19100105556248651c74551a562069526a346952c016632a32a44f852469869515deacc648b39995a64e57b4872ef506b8718cd048a5f03d5a5c7b75db0bfc33ac87521ea8999db56d45b4c613ad379da9f8d6b75356ad14ac3d43f2a37b0dcd0456ad9668e3593d49ea7bdf341a9d38d559f22a0bdf67e6031f50247fe7f8e217527ee3b321679c16b06aa5607454f28d6fa6dc7863c0f4b463eb36c36db7facee63a9b4f867f2fd4b3ed8d720acbc65cebff1ee7121da5efb89e27bbff020f5fbdfb02448e960e0e0ef09ffee8f72147215b9c4591031ebe3131ed9e3273dddc96fb3d1f74f11f21a54748f3b1dd27b162443b31df1a29d02e8b9ac7c811ed87f6a8507ff293dca4ce79adb35cb0f93c2a95328bc6c610e70bfafa7b499294cb2eb988a029324429a6502c30ad8a0802221bf9ea802020921504056418e1ea09d5d125c815aba84d35096537d236d93f93c09461aad160ac1cd053b0c8915e2022c6a15d40554b5ed9778cc3c7ab541b29cb87bad8b0741089402a3fb1a99f8871212948810a435c6a98950e2922ac848290549da5a242cf0e728ec3698d51d14d2205a94d891098cc5150054ac6104b412d2c12a6962088e953301502b160bad6a061041053ccd6b3b0bc9e7ef52c05f5baef6a20f21173cea15a68625b584fd2c81c7ce9e9112c5b260903da9d05d20cce3e3b606a1a1e7c28e3defbbde27efc637e949ad68ed3d6f8548e33e4b6d87f9fad2e03e79cad28977dac78dd759eae76e488e38cd3fcc77fe88301f7ddafb9fb6e435c709c739662e9124fd016ccaf369f7fb8f778f6f38fb6d19ca36b1dc0ebe4fe3673f1c7f9ae450ba19ddb6d4d0a28978a6dd7d6bbe2f958703c920ab932e6f7d772025aee6f2b266bd71be29b5dfb765c7e8891b1adb898b64bdf71a9e7412ef351f4fc96da6e76cb3a8acefbe6ee55d65aaebde64a6ebee93aeaf506a7ad5985ce0ba0afbde64a02d7b4d04c10dd6582fe02a6d1c0da984c878442218a1ef98c22c1f4649337d76c626cf530470e5501490f964c056456e2e20a854280b610d52dcbbb2b1c9e3e8e7111516009a20253ce306b234a951248ef8e65ce319134a8678e3488682a473dab335a2812d63dbc1d2943666a28a1d052306d0dddd6b1d04638e97022235516a525034199480654d32aa99004c261239016f667359ccee89131563b8a412f3559a74a426da6c0507825abcaab08d4431877d0bb984ee15a1dad4cabaf5c47fadad4afd4b7725cbad8b7ea6fd30e73e6c8f5d7065cb05952ab3bfa7a0571519034bd105e745180b37e4a937713bd02190be52eb8e5d6186b1ca97684ca7359d3cc0fe701e8ee167ce4c321b335cffc2997fcdffa22745fd1d172092d9d1dbe1563b6701de7e68a4f47ece6b6b49fff28dacae26b2d3cf11987470b6d6b8d72e4d0b534ce07b802d056a3648050129b59ac70c840219d43eb0ceb245281c37768087da9083acdfcbde1d0d6201068041140e0e774444a12aad033bad226c6401c07be6b60e61b53857148a8043a8346d6440521e530203396244b7dbb9793faa2b62ce5c97b5b1b883a45fc089e4dd468349052b66779044a51afd709e464d3830c498a7602113a4c6d9a4a7f019dd571769a3018a5e12c66e920f5d10166a626100404cee042816b367032a62708b016ba63cfda2f0786b1be08110b4223a948c15829261492c858dfb50dc89ca1ae1d53386221295a48b4a5211b90084211100985b64dca81a029a09a36e95705265586110a65409880865408673036639680346d5226a5a80481905450344289108aae4a37250c33b5710259a016c64c160a6c4d16a1b39bd9dc778442f63436380604885c98840b91cad04a8374bea5dc1d3c45b53cce9124925239a0dc6531da91a52207883ca0219487ce458e8ab46314db4a8d5bdf1c2957d220f01aef9c175387a3abdb5f91b61dffc98fb3eb4c76f6e6d70b712b8fe7f22a023967576ffd2065de43c7b502e0ce247b87cf0d3a0bd23990aa132fb76e6dcee73a63c1e683f584c3e09b4da5cd94eab1594ac3dd08a1a81f39820963ba7b0791264367096158c2a6292f3ef70ccda4c6c673cea658e9c758412b771a0a4d6df204f52c6564c1325e78ec615e7df905162c5dc3c64d6733bca897fbeffb2113ef1ce5aa6b6f66c1d2853cfdf0fd4c4c679cb361038b962e61c79e3779fed1e7397ddde96cda7c56de5b56b4efe36775879b8b90b614f2e4632e63a7ed56e7af074996205519a90c51e3383a9d2155658254110b8b90450a5d654e484b7dd152540912119228492d33a4c621c2226154c6a60d5fb51f446c3f32c10b476a9cb1748065654f676b640693256014a1cc4b488c263282b16299a85947eb94e14289626468341bace919a096640c971461b18232d0b48e62062a94cc665012824c4b6a64b8664a2c1c13414288a0372e128a906633252c477439494149860a11837189693d4b8fe822cba0a754e4ade307184f049bfacf6147759a95c5c594edbd200fe023589b9304e64014ef4235e6cf1c6c0b6d2071c217163b5af9257256460e1489dc9512f9601b41ae80d2774917a0725a9f9ff6a450a1cbe5de374976782a99d6169bc76a81f494ab4cfb865c4af9eee759e67c0bfd7c849eb59e17aa72d4c918ef460781ef8feaf01dfd5aed2a9df573449c8328f6829678920c5124bc47910b9e6bf9904220a56f5318384d2015f5468dbffacb2f71c787af60f1e82afeeb7ffacfdcf2e18f73cd95c33c7ccf2374f57771de6597f2e3bb1fe35b5ffb5bd2cc70eb9d137cf8a31f4737753b65104ac77ddffb1e51771feffbc852eeb9ff210e1e3801af9fa06b6094fd7b5ee5feeffc8466d6cb9143dfe093bffa51eeffe123cc98323b5f7d854ffeb30ff1f7dff82e8d7ac49b3bb6d3d5dbc5eab56b49538352f3a1f57faa4bfff38eff17ba70a404ee2e071b0000000049454e44ae426082, 17, 'Lopez de Hoyos, 125', '28025', '917724567', 2, 22000, NULL);
INSERT INTO `EMPLEADO` (`ID_EMPLEADO`, `ID_USUARIO_FK`, `NOMBRE`, `APELLIDOS`, `NIF`, `FEC_ALTA_EMPLEADO`, `FEC_BAJA_EMPLEADO`, `TEL_MOVIL`, `EMAIL`, `IND_BAJA_USUARIO`, `IND_BAJA_EMPLEADO`, `NUM_SEG_SOCIAL`, `NUM_CUENTA_CORRIENTE`, `IMG_FOTO_EMPLEADO`, `ID_COD_PAIS_FK`, `DIRECCION`, `COD_POSTAL`, `TELEFONO_2`, `ID_PUESTO_TRABAJO_FK`, `IMP_BRUTO_ANUAL`, `IMP_FACTURADO_MES`) VALUES
(7, NULL, 'ffff', 'adfs', '111', '2018-02-01', NULL, '11111', 'jlbuenome.andro@gmail.com', 0, 0, '', '', NULL, 73, 'Luis de Hoyos Sainz, 108,', '28030', '111222', 3, 0, NULL),
(16, NULL, 'wqeqw', 'eqw', '', '2021-03-01', NULL, NULL, 'jlbuenome.andro@gmail.com', 0, 0, '', '', NULL, 73, 'Luis de Hoyos Sainz, 108,', '28030', NULL, 1, 0, NULL),
(17, NULL, '12345', '43', '', '2021-01-02', NULL, NULL, 'jlbuenome.andro@gmail.com', 0, 0, '', '', NULL, 73, 'Luis de Hoyos Sainz, 108,', '28030', NULL, 2, 0, NULL),
(19, NULL, 'otra prueba zzzz', '323123', '', '2021-01-02', NULL, NULL, 'jlbuenome.andro@gmail.com', 0, 0, '', '', NULL, 73, 'Luis de Hoyos Sainz, 108,', '28030', NULL, 1, 0, NULL),
(20, NULL, 'otra prueba zzzz', '323123', '', '2021-04-05', NULL, NULL, 'jlbuenome.andro@gmail.com', 0, 0, 'fdfs', 'wewe', NULL, 73, 'Luis de Hoyos Sainz, 108,', '28030', NULL, 1, 0, NULL),
(25, NULL, 'con foto', '123', '', '2021-04-05', NULL, NULL, 'jlbuenome.andro@gmail.com', 0, 0, '', '', NULL, 73, 'Luis de Hoyos Sainz, 108,', '28030', NULL, 1, 0, NULL),
(32, NULL, 'Jose Luis', 'Mendez', '3232', '2021-04-05', NULL, NULL, 'jlbuenome.andro@gmail.com', 0, 0, '', '', NULL, 73, 'Luis de Hoyos Sainz, 108,', '28030', NULL, 2, 0, NULL),
(41, NULL, 'AAA AAA 1', 'bbbbb1', '323232', '2021-04-20', NULL, NULL, 'jlbuenome.andro@gmail.com', 0, 0, '', '', NULL, 73, 'Luis de Hoyos Sainz, 108,', '28030', NULL, 1, 0, NULL),
(48, NULL, 'ZZZZ nombre ', 'ZZZZZZZ APellidos', '32323', '2021-04-19', NULL, NULL, 'jlbuenome.andro@gmail.com', 0, 0, '', '', NULL, 73, '2321', '28030', NULL, 1, 0, NULL),
(58, NULL, 'nombre de zz1', 'ZZ1', '212212', '2021-04-01', '2021-03-01', '1234444', 'jlbuenome.andro@gmail.com', 0, 1, '987654321', '123456789', NULL, 73, 'Luis de Hoyos Sainz, 108,', '28030', '233232323', 1, 232323, 12345),
(60, NULL, '12345', '43', '', '2021-01-02', NULL, NULL, 'jlbuenome.andro@gmail.com', 0, 0, '', '', NULL, 73, 'Luis de Hoyos Sainz, 108,', '28030', NULL, 2, 20000, 2000),
(61, NULL, 'otra prueba zzzz', '323123', '323', '0201-01-02', NULL, NULL, 'jlbuenome.andro@gmail.com', 0, 0, '', '', NULL, 73, 'Luis de Hoyos Sainz, 108,', '28030', NULL, 2, 1233, NULL),
(62, NULL, '12345', '43', '321313', '2020-11-30', NULL, NULL, 'jlbuenome.andro@gmail.com', 0, 0, '', '', NULL, 73, 'Luis de Hoyos Sainz, 108,', '28030', NULL, 2, 20000, 2000),
(63, NULL, 'AAA AAA 1', 'bbbbb1', '323232', '2021-04-20', NULL, NULL, 'jlbuenome.andro@gmail.com', 0, 0, '', '', NULL, 73, 'Luis de Hoyos Sainz, 108,', '28030', NULL, 1, 123, 333333),
(65, NULL, 'ffff', 'no lo duplica vamos a pro', '3232', '2018-01-10', NULL, NULL, 'jlbuenome.andro@gmail.com', 0, 0, '323', '3232', NULL, 73, 'Luis de Hoyos Sainz, 108,', '28030', NULL, 3, 0, NULL),
(66, NULL, 'ZZZZ nombre ', 'ZZZZZZZ APellidos', '32323', '2021-04-19', NULL, NULL, 'jlbuenome.andro@gmail.com', 0, 0, '111', '', NULL, 73, '2321', '28030', NULL, 1, 2222, 111);

-- --------------------------------------------------------

--
-- Estructura de tabla para la tabla `EMPRESA`
--

CREATE TABLE `EMPRESA` (
  `ID_EMPRESA` int(11) NOT NULL,
  `NOM_EMPRESA` varchar(35) NOT NULL,
  `DIRECCION` varchar(40) DEFAULT NULL,
  `COD_PROVINCIA` int(11) DEFAULT NULL,
  `COD_POSTAL` varchar(5) DEFAULT NULL,
  `TELEFONO` varchar(14) DEFAULT NULL,
  `NOM_CONTACTO_1` varchar(35) DEFAULT NULL,
  `TELEF_CONTACTO_1` varchar(35) DEFAULT NULL,
  `EMAIL_CONTACTO_1` text DEFAULT NULL,
  `NOM_CONTACTO_2` varchar(35) DEFAULT NULL,
  `TELEF_CONTACTO_2` varchar(14) DEFAULT NULL,
  `EMAIL_CONTACTO_2` varchar(35) DEFAULT NULL,
  `FEC_ALTA_EMPRESA` date DEFAULT NULL,
  `CIF` varchar(14) NOT NULL,
  `EMAIL_EMPRESA` varchar(35) DEFAULT NULL
) ENGINE=InnoDB DEFAULT CHARSET=utf8mb4;

--
-- Volcado de datos para la tabla `EMPRESA`
--

INSERT INTO `EMPRESA` (`ID_EMPRESA`, `NOM_EMPRESA`, `DIRECCION`, `COD_PROVINCIA`, `COD_POSTAL`, `TELEFONO`, `NOM_CONTACTO_1`, `TELEF_CONTACTO_1`, `EMAIL_CONTACTO_1`, `NOM_CONTACTO_2`, `TELEF_CONTACTO_2`, `EMAIL_CONTACTO_2`, `FEC_ALTA_EMPRESA`, `CIF`, `EMAIL_EMPRESA`) VALUES
(1, 'ytr', 'yrtyryy', 0, '', NULL, '', '', '', '', '', '', NULL, 'trytr', NULL),
(2, 'Beigar', '32323', 28, '28031', '323232', 'aaa', '606362254', 'jlbuenome.andro@gmail.com', 'bbbbb', '606362254', 'jlbuenome.andro@gmail.com', '2021-04-29', '32323', 'jlbuenome.andro@gmail.com'),
(3, 'Otra nueva', '23', 2, '', NULL, '', '', '', '', '', '', '2021-04-20', '3232', NULL),
(4, 'otra empresa mas', '232', 15, '3232', NULL, '', '', '', '', '', '', '2021-04-20', '323', NULL),
(5, 'aaa', '1212', 0, '212', NULL, '', '', '', '', '', '', '2021-04-20', '212', NULL),
(10, 'zzzz ultima mia', '232', 2, '', NULL, '', '', '', '', '', '', '2020-12-01', '323', NULL),
(11, 'AA Prueba1', '', 0, '', NULL, '', '', '', '', '', '', '2021-04-24', '0192445', NULL),
(12, 'AAA Prueba1', 'LUIS ', 5, '28030', NULL, 'PEPE', '123233221', 'LOPEZ CASTRO', 'ANA', '323232', 'RUIZ', '2021-04-01', '019255556L', NULL),
(13, 'AAA Prueba1', 'LUIS ', 5, '28030', NULL, 'PEPE', '123233221', 'LOPEZ CASTRO', 'ANA', '323232', 'RUIZ', '2021-04-01', 'aa111111', NULL),
(14, 'fecha prueba', '323', 2, '3232', NULL, '323', '2323', '323', '232', '2323232', '323', '2021-04-24', '', 'jlbuenome.andro@gmail.com');

-- --------------------------------------------------------

--
-- Estructura de tabla para la tabla `FACTURA`
--

CREATE TABLE `FACTURA` (
  `ID_FACTURA` int(11) NOT NULL,
  `ID_CLIENTE_FK` int(11) NOT NULL,
  `IMP_FACTURA` float NOT NULL,
  `POR_IVA` int(11) NOT NULL,
  `FEC_FACTURA` date DEFAULT NULL,
  `ID_FOR_PAGO_FK` int(1) DEFAULT NULL,
  `NUM_FACTURA` varchar(14) DEFAULT NULL,
  `POR_DESCUENTO` float DEFAULT NULL,
  `COD_DIVISA` int(11) NOT NULL,
  `COD_SIT_FACTURA_FK` int(11) NOT NULL COMMENT 'Codigo se situacin de  una factura',
  `FEC_EMISION_FACTURA` date DEFAULT NULL,
  `COD_USUARIO` int(11) NOT NULL COMMENT 'Control de usuario de creacion de facturas',
  `COD_FACTURA` varchar(10) NOT NULL COMMENT 'Codigo legal de una factura',
  `NOTA_FACTURA` varchar(255) DEFAULT NULL COMMENT 'Para poner alguna nota aclaratoria sobre la factura'
) ENGINE=InnoDB DEFAULT CHARSET=utf8mb4;

-- --------------------------------------------------------

--
-- Estructura de tabla para la tabla `FACTURACION_PROYECTO`
--

CREATE TABLE `FACTURACION_PROYECTO` (
  `ID_FACTURACION_MES` int(11) NOT NULL COMMENT 'Indice Unico de Factuacion',
  `ID_PROYECTO` int(11) NOT NULL COMMENT 'Indice proyecto sobre el que se aplica el mes de facturacion',
  `ID_EMPLEADO` int(11) NOT NULL COMMENT 'Indice de empleado del que se realiza la factuacion del mes',
  `IMP_FACTURADO_MES` float NOT NULL COMMENT 'Importe que se factura al mes sin IVA',
  `PORCENTAJE_IVA` int(11) NOT NULL COMMENT 'Porcentaje de IVA aplicado el mes',
  `FEC_FACTURACION` timestamp NOT NULL DEFAULT current_timestamp() ON UPDATE current_timestamp()
) ENGINE=InnoDB DEFAULT CHARSET=utf8mb4;

--
-- Volcado de datos para la tabla `FACTURACION_PROYECTO`
--

INSERT INTO `FACTURACION_PROYECTO` (`ID_FACTURACION_MES`, `ID_PROYECTO`, `ID_EMPLEADO`, `IMP_FACTURADO_MES`, `PORCENTAJE_IVA`, `FEC_FACTURACION`) VALUES
(1, 1, 7, 3000, 21, '2021-04-01 07:35:44'),
(2, 1, 7, 3000, 21, '2021-05-01 07:36:21');

-- --------------------------------------------------------

--
-- Estructura de tabla para la tabla `FACTURA_LINEAS`
--

CREATE TABLE `FACTURA_LINEAS` (
  `ID_LIN_FACTURA` int(11) NOT NULL COMMENT 'Indice unico de una linea de factura',
  `ID_FACTURA_FK` int(11) NOT NULL,
  `CANTIDAD` float NOT NULL,
  `CONCEPTO` varchar(100) NOT NULL,
  `POR_IVA` float NOT NULL,
  `IMP_LIN_FACTURA` float NOT NULL,
  `FEC_ACTUALIZACION` date NOT NULL,
  `POR_DESCUENTO` float NOT NULL
) ENGINE=InnoDB DEFAULT CHARSET=utf8mb4;

-- --------------------------------------------------------

--
-- Estructura de tabla para la tabla `FACTURA_SITUACION`
--

CREATE TABLE `FACTURA_SITUACION` (
  `COD_SIT_FACTURA` int(11) NOT NULL COMMENT 'Codigo de situacion de una factura',
  `NOM_SIT_FACTURA` varchar(14) NOT NULL COMMENT 'Nombre de la situacion de la factura'
) ENGINE=InnoDB DEFAULT CHARSET=utf8mb4;

--
-- Volcado de datos para la tabla `FACTURA_SITUACION`
--

INSERT INTO `FACTURA_SITUACION` (`COD_SIT_FACTURA`, `NOM_SIT_FACTURA`) VALUES
(1, 'Borrador'),
(2, 'Emitida');

-- --------------------------------------------------------

--
-- Estructura de tabla para la tabla `FORMA_PAGO`
--

CREATE TABLE `FORMA_PAGO` (
  `ID_FOR_PAGO` int(1) NOT NULL,
  `DES_FOR_PAGO` varchar(30) NOT NULL
) ENGINE=InnoDB DEFAULT CHARSET=utf8mb4;

--
-- Volcado de datos para la tabla `FORMA_PAGO`
--

INSERT INTO `FORMA_PAGO` (`ID_FOR_PAGO`, `DES_FOR_PAGO`) VALUES
(1, 'Pago al Contado'),
(2, 'Pago a 30 días'),
(3, 'Pago a 60 días'),
(4, 'Pago a 90 días');

-- --------------------------------------------------------

--
-- Estructura de tabla para la tabla `MENU`
--

CREATE TABLE `MENU` (
  `ID_MENU` int(11) NOT NULL COMMENT 'Identificador unico de registro Menu',
  `NUM_ORDEN_MENU` int(11) NOT NULL COMMENT 'Posición/Orden que ocupara la entrada de menú en la página w\r\nWeb',
  `TEX_MENU` varchar(30) NOT NULL COMMENT 'Texto que mostrará la pagina web en la zona de menus',
  `HREF_APLICACION` varchar(50) DEFAULT NULL,
  `IND_ACTIVO` tinyint(1) NOT NULL DEFAULT 1 COMMENT 'Sirve para activar o desactivar un menu para todos los usuarios.'
) ENGINE=InnoDB DEFAULT CHARSET=utf8mb4;

--
-- Volcado de datos para la tabla `MENU`
--

INSERT INTO `MENU` (`ID_MENU`, `NUM_ORDEN_MENU`, `TEX_MENU`, `HREF_APLICACION`, `IND_ACTIVO`) VALUES
(0, 0, 'Sin submenus', NULL, 1),
(1, 2, 'Administracion', 'hola', 1),
(2, 1, 'Empleados 1', 'buenas 2222', 1),
(3, 3, 'Clientes', NULL, 1),
(4, 4, 'Proyectos', 'hhhh1', 1),
(5, 5, 'Facturacion', 'gfgfgffdfdfff fffd fddd', 0),
(9, 6, 'Informes', 'ffffffffff', 0),
(16, 7, 'Elemento Prueba Menu 1', 'direccion 1', 0);

-- --------------------------------------------------------

--
-- Estructura de tabla para la tabla `MENUS_USUARIO`
--

CREATE TABLE `MENUS_USUARIO` (
  `ID_MENU` int(11) NOT NULL COMMENT 'Identificador unico de menu',
  `COD_NIVEL_1_FK` int(11) NOT NULL COMMENT 'Codigo de nivel 1.  Codigo de menu',
  `COD_NIVEL_2_FK` int(11) NOT NULL COMMENT 'Codigo de nivel 2. Codigo de submenu 1	',
  `ID_USUARIO_FK` int(11) NOT NULL COMMENT 'Campo para asociar la opcion de menu para un usuario'
) ENGINE=InnoDB DEFAULT CHARSET=utf8mb4;

--
-- Volcado de datos para la tabla `MENUS_USUARIO`
--

INSERT INTO `MENUS_USUARIO` (`ID_MENU`, `COD_NIVEL_1_FK`, `COD_NIVEL_2_FK`, `ID_USUARIO_FK`) VALUES
(77, 16, 1, 7),
(79, 16, 2, 7),
(81, 4, 3, 7),
(82, 4, 3, 7),
(91, 5, 0, 7),
(92, 9, 0, 7),
(97, 4, 0, 7),
(98, 1, 4, 7),
(101, 1, 1, 7),
(103, 1, 16, 7),
(104, 1, 3, 7),
(107, 4, 10, 7),
(108, 4, 10, 7),
(109, 4, 11, 7),
(116, 2, 0, 7),
(117, 3, 0, 7),
(119, 9, 14, 7),
(120, 3, 8, 7),
(121, 3, 9, 7),
(126, 13, 0, 7),
(129, 13, 0, 1),
(130, 1, 1, 1),
(131, 1, 1, 1),
(132, 1, 4, 1),
(134, 4, 10, 1),
(135, 1, 0, 7),
(143, 3, 0, 5),
(144, 4, 0, 5),
(149, 2, 0, 6),
(150, 1, 0, 6),
(151, 3, 0, 6),
(152, 4, 0, 6),
(173, 1, 0, 1),
(174, 3, 0, 1),
(175, 4, 0, 1),
(176, 2, 6, 1),
(177, 2, 17, 1),
(180, 2, 18, 3),
(182, 3, 8, 1),
(188, 2, 6, 3),
(189, 2, 17, 3),
(190, 1, 5, 1),
(191, 3, 8, 3),
(192, 3, 9, 3),
(194, 1, 4, 3),
(204, 1, 0, 3),
(206, 4, 0, 3),
(208, 1, 2, 3),
(209, 1, 1, 3);

-- --------------------------------------------------------

--
-- Estructura de tabla para la tabla `PAIS`
--

CREATE TABLE `PAIS` (
  `ID` int(11) NOT NULL,
  `ISO` char(2) DEFAULT NULL,
  `NOM_PAIS` varchar(80) DEFAULT NULL
) ENGINE=InnoDB DEFAULT CHARSET=latin1;

--
-- Volcado de datos para la tabla `PAIS`
--

INSERT INTO `PAIS` (`ID`, `ISO`, `NOM_PAIS`) VALUES
(1, 'AF', 'Afganistán'),
(2, 'AX', 'Islas Gland'),
(3, 'AL', 'Albania'),
(4, 'DE', 'Alemania'),
(5, 'AD', 'Andorra'),
(6, 'AO', 'Angola'),
(7, 'AI', 'Anguilla'),
(8, 'AQ', 'Antártida'),
(9, 'AG', 'Antigua y Barbuda'),
(10, 'AN', 'Antillas Holandesas'),
(11, 'SA', 'Arabia Saudí'),
(12, 'DZ', 'Argelia'),
(13, 'AR', 'Argentina'),
(14, 'AM', 'Armenia'),
(15, 'AW', 'Aruba'),
(16, 'AU', 'Australia'),
(17, 'AT', 'Austria'),
(18, 'AZ', 'Azerbaiyán'),
(19, 'BS', 'Bahamas'),
(20, 'BH', 'Bahréin'),
(21, 'BD', 'Bangladesh'),
(22, 'BB', 'Barbados'),
(23, 'BY', 'Bielorrusia'),
(24, 'BE', 'Bélgica'),
(25, 'BZ', 'Belice'),
(26, 'BJ', 'Benin'),
(27, 'BM', 'Bermudas'),
(28, 'BT', 'Bhután'),
(29, 'BO', 'Bolivia'),
(30, 'BA', 'Bosnia y Herzegovina'),
(31, 'BW', 'Botsuana'),
(32, 'BV', 'Isla Bouvet'),
(33, 'BR', 'Brasil'),
(34, 'BN', 'Brunéi'),
(35, 'BG', 'Bulgaria'),
(36, 'BF', 'Burkina Faso'),
(37, 'BI', 'Burundi'),
(38, 'CV', 'Cabo Verde'),
(39, 'KY', 'Islas Caimán'),
(40, 'KH', 'Camboya'),
(41, 'CM', 'Camerún'),
(42, 'CA', 'Canadá'),
(43, 'CF', 'República Centroafricana'),
(44, 'TD', 'Chad'),
(45, 'CZ', 'República Checa'),
(46, 'CL', 'Chile'),
(47, 'CN', 'China'),
(48, 'CY', 'Chipre'),
(49, 'CX', 'Isla de Navidad'),
(50, 'VA', 'Ciudad del Vaticano'),
(51, 'CC', 'Islas Cocos'),
(52, 'CO', 'Colombia'),
(53, 'KM', 'Comoras'),
(54, 'CD', 'República Democrática del Congo'),
(55, 'CG', 'Congo'),
(56, 'CK', 'Islas Cook'),
(57, 'KP', 'Corea del Norte'),
(58, 'KR', 'Corea del Sur'),
(59, 'CI', 'Costa de Marfil'),
(60, 'CR', 'Costa Rica'),
(61, 'HR', 'Croacia'),
(62, 'CU', 'Cuba'),
(63, 'DK', 'Dinamarca'),
(64, 'DM', 'Dominica'),
(65, 'DO', 'República Dominicana'),
(66, 'EC', 'Ecuador'),
(67, 'EG', 'Egipto'),
(68, 'SV', 'El Salvador'),
(69, 'AE', 'Emiratos Árabes Unidos'),
(70, 'ER', 'Eritrea'),
(71, 'SK', 'Eslovaquia'),
(72, 'SI', 'Eslovenia'),
(73, 'ES', 'España'),
(74, 'UM', 'Islas ultramarinas de Estados Unidos'),
(75, 'US', 'Estados Unidos'),
(76, 'EE', 'Estonia'),
(77, 'ET', 'Etiopía'),
(78, 'FO', 'Islas Feroe'),
(79, 'PH', 'Filipinas'),
(80, 'FI', 'Finlandia'),
(81, 'FJ', 'Fiyi'),
(82, 'FR', 'Francia'),
(83, 'GA', 'Gabón'),
(84, 'GM', 'Gambia'),
(85, 'GE', 'Georgia'),
(86, 'GS', 'Islas Georgias del Sur y Sandwich del Sur'),
(87, 'GH', 'Ghana'),
(88, 'GI', 'Gibraltar'),
(89, 'GD', 'Granada'),
(90, 'GR', 'Grecia'),
(91, 'GL', 'Groenlandia'),
(92, 'GP', 'Guadalupe'),
(93, 'GU', 'Guam'),
(94, 'GT', 'Guatemala'),
(95, 'GF', 'Guayana Francesa'),
(96, 'GN', 'Guinea'),
(97, 'GQ', 'Guinea Ecuatorial'),
(98, 'GW', 'Guinea-Bissau'),
(99, 'GY', 'Guyana'),
(100, 'HT', 'Haití'),
(101, 'HM', 'Islas Heard y McDonald'),
(102, 'HN', 'Honduras'),
(103, 'HK', 'Hong Kong'),
(104, 'HU', 'Hungría'),
(105, 'IN', 'India'),
(106, 'ID', 'Indonesia'),
(107, 'IR', 'Irán'),
(108, 'IQ', 'Iraq'),
(109, 'IE', 'Irlanda'),
(110, 'IS', 'Islandia'),
(111, 'IL', 'Israel'),
(112, 'IT', 'Italia'),
(113, 'JM', 'Jamaica'),
(114, 'JP', 'Japón'),
(115, 'JO', 'Jordania'),
(116, 'KZ', 'Kazajstán'),
(117, 'KE', 'Kenia'),
(118, 'KG', 'Kirguistán'),
(119, 'KI', 'Kiribati'),
(120, 'KW', 'Kuwait'),
(121, 'LA', 'Laos'),
(122, 'LS', 'Lesotho'),
(123, 'LV', 'Letonia'),
(124, 'LB', 'Líbano'),
(125, 'LR', 'Liberia'),
(126, 'LY', 'Libia'),
(127, 'LI', 'Liechtenstein'),
(128, 'LT', 'Lituania'),
(129, 'LU', 'Luxemburgo'),
(130, 'MO', 'Macao'),
(131, 'MK', 'ARY Macedonia'),
(132, 'MG', 'Madagascar'),
(133, 'MY', 'Malasia'),
(134, 'MW', 'Malawi'),
(135, 'MV', 'Maldivas'),
(136, 'ML', 'Malí'),
(137, 'MT', 'Malta'),
(138, 'FK', 'Islas Malvinas'),
(139, 'MP', 'Islas Marianas del Norte'),
(140, 'MA', 'Marruecos'),
(141, 'MH', 'Islas Marshall'),
(142, 'MQ', 'Martinica'),
(143, 'MU', 'Mauricio'),
(144, 'MR', 'Mauritania'),
(145, 'YT', 'Mayotte'),
(146, 'MX', 'México'),
(147, 'FM', 'Micronesia'),
(148, 'MD', 'Moldavia'),
(149, 'MC', 'Mónaco'),
(150, 'MN', 'Mongolia'),
(151, 'MS', 'Montserrat'),
(152, 'MZ', 'Mozambique'),
(153, 'MM', 'Myanmar'),
(154, 'NA', 'Namibia'),
(155, 'NR', 'Nauru'),
(156, 'NP', 'Nepal'),
(157, 'NI', 'Nicaragua'),
(158, 'NE', 'Níger'),
(159, 'NG', 'Nigeria'),
(160, 'NU', 'Niue'),
(161, 'NF', 'Isla Norfolk'),
(162, 'NO', 'Noruega'),
(163, 'NC', 'Nueva Caledonia'),
(164, 'NZ', 'Nueva Zelanda'),
(165, 'OM', 'Omán'),
(166, 'NL', 'Países Bajos'),
(167, 'PK', 'Pakistán'),
(168, 'PW', 'Palau'),
(169, 'PS', 'Palestina'),
(170, 'PA', 'Panamá'),
(171, 'PG', 'Papúa Nueva Guinea'),
(172, 'PY', 'Paraguay'),
(173, 'PE', 'Perú'),
(174, 'PN', 'Islas Pitcairn'),
(175, 'PF', 'Polinesia Francesa'),
(176, 'PL', 'Polonia'),
(177, 'PT', 'Portugal'),
(178, 'PR', 'Puerto Rico'),
(179, 'QA', 'Qatar'),
(180, 'GB', 'Reino Unido'),
(181, 'RE', 'Reunión'),
(182, 'RW', 'Ruanda'),
(183, 'RO', 'Rumania'),
(184, 'RU', 'Rusia'),
(185, 'EH', 'Sahara Occidental'),
(186, 'SB', 'Islas Salomón'),
(187, 'WS', 'Samoa'),
(188, 'AS', 'Samoa Americana'),
(189, 'KN', 'San Cristóbal y Nevis'),
(190, 'SM', 'San Marino'),
(191, 'PM', 'San Pedro y Miquelón'),
(192, 'VC', 'San Vicente y las Granadinas'),
(193, 'SH', 'Santa Helena'),
(194, 'LC', 'Santa Lucía'),
(195, 'ST', 'Santo Tomé y Príncipe'),
(196, 'SN', 'Senegal'),
(197, 'CS', 'Serbia y Montenegro'),
(198, 'SC', 'Seychelles'),
(199, 'SL', 'Sierra Leona'),
(200, 'SG', 'Singapur'),
(201, 'SY', 'Siria'),
(202, 'SO', 'Somalia'),
(203, 'LK', 'Sri Lanka'),
(204, 'SZ', 'Suazilandia'),
(205, 'ZA', 'Sudáfrica'),
(206, 'SD', 'Sudán'),
(207, 'SE', 'Suecia'),
(208, 'CH', 'Suiza'),
(209, 'SR', 'Surinam'),
(210, 'SJ', 'Svalbard y Jan Mayen'),
(211, 'TH', 'Tailandia'),
(212, 'TW', 'Taiwán'),
(213, 'TZ', 'Tanzania'),
(214, 'TJ', 'Tayikistán'),
(215, 'IO', 'Territorio Británico del Océano Índico'),
(216, 'TF', 'Territorios Australes Franceses'),
(217, 'TL', 'Timor Oriental'),
(218, 'TG', 'Togo'),
(219, 'TK', 'Tokelau'),
(220, 'TO', 'Tonga'),
(221, 'TT', 'Trinidad y Tobago'),
(222, 'TN', 'Túnez'),
(223, 'TC', 'Islas Turcas y Caicos'),
(224, 'TM', 'Turkmenistán'),
(225, 'TR', 'Turquía'),
(226, 'TV', 'Tuvalu'),
(227, 'UA', 'Ucrania'),
(228, 'UG', 'Uganda'),
(229, 'UY', 'Uruguay'),
(230, 'UZ', 'Uzbekistán'),
(231, 'VU', 'Vanuatu'),
(232, 'VE', 'Venezuela'),
(233, 'VN', 'Vietnam'),
(234, 'VG', 'Islas Vírgenes Británicas'),
(235, 'VI', 'Islas Vírgenes de los Estados Unidos'),
(236, 'WF', 'Wallis y Futuna'),
(237, 'YE', 'Yemen'),
(238, 'DJ', 'Yibuti'),
(239, 'ZM', 'Zambia'),
(240, 'ZW', 'Zimbabue');

-- --------------------------------------------------------

--
-- Estructura de tabla para la tabla `persona`
--

CREATE TABLE `persona` (
  `nombre` varchar(25) NOT NULL,
  `apellidos` varchar(25) NOT NULL,
  `edad` int(11) NOT NULL
) ENGINE=InnoDB DEFAULT CHARSET=utf8mb4;

--
-- Volcado de datos para la tabla `persona`
--

INSERT INTO `persona` (`nombre`, `apellidos`, `edad`) VALUES
('Ana', 'Ruiz', 11),
('Jose Luis', 'B', 12);

-- --------------------------------------------------------

--
-- Estructura de tabla para la tabla `products`
--

CREATE TABLE `products` (
  `id` int(11) NOT NULL,
  `name` varchar(40) NOT NULL,
  `brand` varchar(40) NOT NULL,
  `price` float NOT NULL,
  `madein` varchar(30) NOT NULL
) ENGINE=InnoDB DEFAULT CHARSET=utf8mb4;

--
-- Volcado de datos para la tabla `products`
--

INSERT INTO `products` (`id`, `name`, `brand`, `price`, `madein`) VALUES
(1, 'Producto 1', 'Adidas', 105, '');

-- --------------------------------------------------------

--
-- Estructura de tabla para la tabla `PROVINCIA`
--

CREATE TABLE `PROVINCIA` (
  `ID_PROVINCIA` smallint(6) NOT NULL,
  `PROVINCIA` varchar(30) DEFAULT NULL
) ENGINE=InnoDB DEFAULT CHARSET=utf8mb4;

--
-- Volcado de datos para la tabla `PROVINCIA`
--

INSERT INTO `PROVINCIA` (`ID_PROVINCIA`, `PROVINCIA`) VALUES
(1, 'Araba/Álava'),
(2, 'Albacete'),
(3, 'Alicante/Alacant'),
(4, 'Almería'),
(5, 'Ávila'),
(6, 'Badajoz'),
(7, 'Balears, Illes'),
(8, 'Barcelona'),
(9, 'Burgos'),
(10, 'Cáceres'),
(11, 'Cádiz'),
(12, 'Castellón/Castelló'),
(13, 'Ciudad Real'),
(14, 'Córdoba'),
(15, 'Coruña, A'),
(16, 'Cuenca'),
(17, 'Girona'),
(18, 'Granada'),
(19, 'Guadalajara'),
(20, 'Gipuzkoa'),
(21, 'Huelva'),
(22, 'Huesca'),
(23, 'Jaén'),
(24, 'León'),
(25, 'Lleida'),
(26, 'Rioja, La'),
(27, 'Lugo'),
(28, 'Madrid'),
(29, 'Málaga'),
(30, 'Murcia'),
(31, 'Navarra'),
(32, 'Ourense'),
(33, 'Asturias'),
(34, 'Palencia'),
(35, 'Palmas, Las'),
(36, 'Pontevedra'),
(37, 'Salamanca'),
(38, 'Santa Cruz de Tenerife'),
(39, 'Cantabria'),
(40, 'Segovia'),
(41, 'Sevilla'),
(42, 'Soria'),
(43, 'Tarragona'),
(44, 'Teruel'),
(45, 'Toledo'),
(46, 'Valencia/València'),
(47, 'Valladolid'),
(48, 'Bizkaia'),
(49, 'Zamora'),
(50, 'Zaragoza'),
(51, 'Ceuta'),
(52, 'Melilla');

-- --------------------------------------------------------

--
-- Estructura de tabla para la tabla `PROYECTO`
--

CREATE TABLE `PROYECTO` (
  `ID_PROYECTO` int(11) NOT NULL,
  `NOM_PROYECTO` varchar(35) NOT NULL,
  `FEC_INI_PROYECTO` date DEFAULT NULL,
  `FEC_FIN_PROYECTO` date DEFAULT NULL,
  `IMP_PROYECTO` float DEFAULT NULL COMMENT 'Importe por el que ha sido concedido el proyecto',
  `UBICACION_PROYECTO` varchar(40) DEFAULT NULL,
  `IND_FIN_PROYECTO` tinyint(1) NOT NULL COMMENT 'Indicador de Fin de Proyecto',
  `NOM_GERENTE_PROYECTO` varchar(35) DEFAULT NULL COMMENT 'Nombre del Gerente del Proyecto',
  `INFO_COMPLEMENTARIA` varchar(255) DEFAULT NULL COMMENT 'Informacion Complementaria del Proyecto'
) ENGINE=InnoDB DEFAULT CHARSET=utf8mb4;

--
-- Volcado de datos para la tabla `PROYECTO`
--

INSERT INTO `PROYECTO` (`ID_PROYECTO`, `NOM_PROYECTO`, `FEC_INI_PROYECTO`, `FEC_FIN_PROYECTO`, `IMP_PROYECTO`, `UBICACION_PROYECTO`, `IND_FIN_PROYECTO`, `NOM_GERENTE_PROYECTO`, `INFO_COMPLEMENTARIA`) VALUES
(1, 'Proyecto Prueba', '2021-04-06', '2023-04-23', 10203000, 'Urbanizacion', 0, NULL, NULL),
(2, 'Seguridad Social', '2021-04-01', '2023-04-23', 2202090, 'Lopez de Hoyos 108', 0, NULL, NULL);

-- --------------------------------------------------------

--
-- Estructura de tabla para la tabla `PROYECTO_FACTURACION_MES`
--

CREATE TABLE `PROYECTO_FACTURACION_MES` (
  `ID_PROYECTO_FAC_MES` int(11) NOT NULL,
  `ID_PROYECTO_FK` int(11) NOT NULL,
  `NUM_MES` int(11) NOT NULL,
  `NUM_ANYO` int(11) NOT NULL,
  `FEC_GENERACION` date NOT NULL,
  `COD_ESTADO` tinyint(4) NOT NULL
) ENGINE=InnoDB DEFAULT CHARSET=utf8mb4;

--
-- Volcado de datos para la tabla `PROYECTO_FACTURACION_MES`
--

INSERT INTO `PROYECTO_FACTURACION_MES` (`ID_PROYECTO_FAC_MES`, `ID_PROYECTO_FK`, `NUM_MES`, `NUM_ANYO`, `FEC_GENERACION`, `COD_ESTADO`) VALUES
(1, 1, 1, 2021, '2021-04-01', 1),
(2, 1, 2, 2021, '2021-02-01', 1);

-- --------------------------------------------------------

--
-- Estructura de tabla para la tabla `PUESTO_TRABAJO`
--

CREATE TABLE `PUESTO_TRABAJO` (
  `ID_PUESTO_TRABAJO` int(11) NOT NULL,
  `DES_PUESTO_TRABAJO` varchar(25) NOT NULL
) ENGINE=InnoDB DEFAULT CHARSET=utf8mb4;

--
-- Volcado de datos para la tabla `PUESTO_TRABAJO`
--

INSERT INTO `PUESTO_TRABAJO` (`ID_PUESTO_TRABAJO`, `DES_PUESTO_TRABAJO`) VALUES
(1, 'Programador'),
(2, 'Analista programador'),
(3, 'Analista Funcional'),
(4, 'Tecnico Sistemas'),
(5, 'Administrador Sistemas'),
(6, 'Arquitecto Java');

-- --------------------------------------------------------

--
-- Estructura de tabla para la tabla `REL_PROYECTO_EMPLEADO`
--

CREATE TABLE `REL_PROYECTO_EMPLEADO` (
  `ID_PROYECTO` int(11) NOT NULL,
  `ID_EMPLEADO` int(11) NOT NULL
) ENGINE=InnoDB DEFAULT CHARSET=utf8mb4;

-- --------------------------------------------------------

--
-- Estructura de tabla para la tabla `REL_PROYECTO_EMPRESA`
--

CREATE TABLE `REL_PROYECTO_EMPRESA` (
  `ID_PROYECTO` int(11) DEFAULT NULL,
  `ID_EMPRESA` int(11) DEFAULT NULL
) ENGINE=InnoDB DEFAULT CHARSET=utf8mb4;

-- --------------------------------------------------------

--
-- Estructura de tabla para la tabla `roles`
--

CREATE TABLE `roles` (
  `role_id` int(11) NOT NULL,
  `name` varchar(45) NOT NULL
) ENGINE=InnoDB DEFAULT CHARSET=utf8mb4;

--
-- Volcado de datos para la tabla `roles`
--

INSERT INTO `roles` (`role_id`, `name`) VALUES
(1, 'USER'),
(2, 'CREATOR'),
(3, 'EDITOR'),
(4, 'ADMIN');

-- --------------------------------------------------------

--
-- Estructura de tabla para la tabla `SECUENCIALES`
--

CREATE TABLE `SECUENCIALES` (
  `ID_SECUENCIAL` int(11) NOT NULL COMMENT 'Identificador Unico de Secuencial',
  `NOM_TABLA` varchar(15) NOT NULL COMMENT 'Nombre de la tabla sobre la que se genera el secuencial',
  `ANYO_CURSO` int(11) NOT NULL COMMENT 'Anyo si fuera necesrio para formar el codigo unico',
  `IDENTIFICADOR_UNICO` bigint(20) NOT NULL COMMENT 'Numero Secuencial'
) ENGINE=InnoDB DEFAULT CHARSET=utf8mb4;

-- --------------------------------------------------------

--
-- Estructura de tabla para la tabla `SUBMENU_NIVEL_1`
--

CREATE TABLE `SUBMENU_NIVEL_1` (
  `ID_SUBMENU_NIVEL_1` int(11) NOT NULL,
  `NUM_ORDEN_MENU` int(11) NOT NULL,
  `TEX_MENU_NIVEL_1` varchar(30) NOT NULL,
  `HREF_APLICACION_N1` varchar(50) DEFAULT NULL COMMENT 'Direccion donde navegara esta opcion de menu',
  `IND_ACTIVO` tinyint(1) NOT NULL COMMENT 'Indicador para activar o desactivar el elemento de submenu1',
  `ID_MENU_FK` int(11) NOT NULL
) ENGINE=InnoDB DEFAULT CHARSET=utf8mb4;

--
-- Volcado de datos para la tabla `SUBMENU_NIVEL_1`
--

INSERT INTO `SUBMENU_NIVEL_1` (`ID_SUBMENU_NIVEL_1`, `NUM_ORDEN_MENU`, `TEX_MENU_NIVEL_1`, `HREF_APLICACION_N1`, `IND_ACTIVO`, `ID_MENU_FK`) VALUES
(0, 0, 'Sin subopciones', NULL, 1, 0),
(1, 2, 'Nuevo Usuario', '/gestionWeb/usuarios/forminsertarusuario', 0, 1),
(2, 1, 'Usuario', '/gestionWeb/usuarios/pagusuarios', 0, 1),
(3, 3, 'Tareas Administrador', '/gestionWeb/forminsertarcliente', 0, 1),
(4, 5, 'Tareas', 'buenas1', 1, 1),
(5, 5, 'Copias Seguridad', NULL, 0, 1),
(6, 1, 'Alta Clientes', '/gestionWeb/forminsertarcliente', 0, 2),
(8, 1, 'Nuevo Cliente otra ', ' otra vez', 1, 3),
(9, 2, 'Clientes', NULL, 0, 3),
(10, 1, 'Nuevo Proyecto', NULL, 0, 4),
(11, 2, 'Proyectos', NULL, 0, 4),
(12, 2, 'Facturas', NULL, 0, 5),
(13, 1, 'Informe Usuarios', '/informes/informeempleados', 0, 9),
(14, 2, 'Informe Clientes', '/informes/informeempleados', 0, 9),
(15, 1, 'Nueva Factura 1', 'url 1', 1, 5),
(16, 6, 'Menu Aplicacion', '/gestionmenus/obtenermenuprincipal', 1, 1),
(17, 2, 'wwww2 33333  d gggg', 'bbbbbbbb 444444 ddd  bbbbbb', 1, 2),
(18, 3, 'otro nuevo  otro ', 'nace agctivado adios', 1, 2);

-- --------------------------------------------------------

--
-- Estructura de tabla para la tabla `SUBMENU_NIVEL_2`
--

CREATE TABLE `SUBMENU_NIVEL_2` (
  `ID_SUBMENU_NIVEL_2` int(11) NOT NULL,
  `ID_SUBMENU_NIVEL_1_FK` int(11) NOT NULL,
  `NUM_ORDEN_MENU` int(11) NOT NULL,
  `TEX_MENU_NIVEL_2` varchar(30) NOT NULL,
  `HREF_APLICACION_N2` varchar(50) DEFAULT NULL COMMENT 'Direccion donde navegara la opcion de menu'
) ENGINE=InnoDB DEFAULT CHARSET=utf8mb4;

-- --------------------------------------------------------

--
-- Estructura de tabla para la tabla `TPO_CLIENTE`
--

CREATE TABLE `TPO_CLIENTE` (
  `ID_TPO_CLIENTE` int(11) NOT NULL,
  `DES_TPO_CLIENTE` varchar(40) NOT NULL
) ENGINE=InnoDB DEFAULT CHARSET=utf8mb4;

--
-- Volcado de datos para la tabla `TPO_CLIENTE`
--

INSERT INTO `TPO_CLIENTE` (`ID_TPO_CLIENTE`, `DES_TPO_CLIENTE`) VALUES
(1, 'Cliente normal'),
(2, 'Cliente VIP'),
(3, 'Cliente Jubilado');

-- --------------------------------------------------------

--
-- Estructura de tabla para la tabla `TPO_FRECU_REPETICION`
--

CREATE TABLE `TPO_FRECU_REPETICION` (
  `ID_FRECU_REPETICION` int(11) NOT NULL,
  `DES_FRECU_REPETICION` varchar(10) NOT NULL
) ENGINE=InnoDB DEFAULT CHARSET=utf8mb4;

--
-- Volcado de datos para la tabla `TPO_FRECU_REPETICION`
--

INSERT INTO `TPO_FRECU_REPETICION` (`ID_FRECU_REPETICION`, `DES_FRECU_REPETICION`) VALUES
(1, 'Puntual'),
(2, 'Semanal'),
(3, 'Mensual'),
(4, 'Anual');

-- --------------------------------------------------------

--
-- Estructura de tabla para la tabla `users`
--

CREATE TABLE `users` (
  `user_id` int(11) NOT NULL COMMENT 'Identificador unico de usuario',
  `email` varchar(45) NOT NULL COMMENT 'email usuario para operaciones automaticas',
  `full_name` varchar(45) NOT NULL COMMENT 'Alias del usuario',
  `password` varchar(64) NOT NULL COMMENT 'Clave de usuario para entrar en la apliciacion',
  `enabled` tinyint(1) DEFAULT NULL COMMENT 'Identifica si el usuario esta activo  como usario en la aplicaion',
  `username` varchar(30) NOT NULL COMMENT 'Nombre o alias para visualizar en el Web en lugar de username',
  `indempleado` tinyint(1) DEFAULT NULL COMMENT 'Identifica si el usuario es empleado',
  `fecaltausuario` datetime DEFAULT NULL COMMENT 'Fecha y hora de alta de un usuario de la aplicacion',
  `fecbajausuario` datetime DEFAULT NULL COMMENT 'Fecha y hora de baja de un usuario de la aplicacion',
  `idempleadofk` int(11) DEFAULT NULL
) ENGINE=InnoDB DEFAULT CHARSET=utf8mb4;

--
-- Volcado de datos para la tabla `users`
--

INSERT INTO `users` (`user_id`, `email`, `full_name`, `password`, `enabled`, `username`, `indempleado`, `fecaltausuario`, `fecbajausuario`, `idempleadofk`) VALUES
(1, 'jlbuenome.andro@gmail.com', 'Patrick', '$2a$10$e/kqB.H2dsnRWQeQCoP.tOcQKmu0CK8ilYno8dsm10SWwi8n7BsGi', 1, 'patrick', 0, '2020-07-01 00:00:00', NULL, NULL),
(3, '123888@gmail.com', 'Pedro', '$2a$10$cTUErxQqYVyU2qmQGIktpup5chLEdhD2zpzNEyYqmxrHHJbSNDOG.', 1, 'pedro', 0, '2020-10-01 00:00:00', NULL, NULL),
(4, 'jlbuenome4.andro@gmail.como', 'Alex', '$2a$10$.tP2OH3dEG0zms7vek4ated5AiQ.EGkncii0OpCcGq4bckS9NOULu', 1, 'alex', 0, '2020-09-09 22:09:51', NULL, NULL),
(5, 'jlbuenome5.andro@gmail.com', 'John', '$2a$10$E2UPv7arXmp3q0LzVzCBNeb4B4AtbTAGjkefVDnSztOwE7Gix6kea', 1, 'john', 0, '2020-03-02 22:09:58', NULL, NULL),
(6, 'jlbuenome6.andro@gmail.com', 'Mamhm', '$2a$10$GQT8bfLMaLYwlyUysnGwDu6HMB5G.tin5MKT/uduv2Nez0.DmhnOq', 1, 'namhm', 0, '2020-04-08 22:10:06', NULL, NULL),
(7, 'jlbuenome7.andro@gmail.com', 'Administrador', '$2a$10$yjz2r/OiPJ2ms1khNbuQ4elUzuQXBUkQefnWG3NPOSloIDAhMh7MK', 1, 'admin', 0, '2020-03-01 22:10:12', NULL, NULL),
(11, 'jlbuenome.andro@222gmail.com', 'Jose Luis Bueno Mendezeee', '$2a$10$jqgOsi1d6Cd./OQiUDsPRe4kSWPrI1nt1g2kCK81BcZxkRAvyIFt.', 1, '12324aaaaaaaaa', 0, '2021-04-24 00:00:00', NULL, NULL),
(12, 'jlbuenaaome.andro@gmail.com', 'ewew', '$2a$10$38ljwBqOfZxPKZrFjozjlei/em6QeDbV6d8smwc8dCFuR8c4I5Wui', 0, 'ewew', 0, '2021-03-22 00:00:00', NULL, NULL),
(13, 'jlbuenome.aaandro@gmail.com', 'fdsfs', '$2a$10$yiHxJsE/mkdff1DX/GKA8eqJwxwE/evkzQjlj9OGVUzOnsuYRp6v2', 0, '23', 0, '2021-03-22 00:00:00', NULL, NULL),
(14, 'jlb@g.com', 'asdf', '$2a$10$wQRwCiQG9qokK1XesTHn9.rde4LOo4NpT8EqWmY1yFnHhdzDlJwI6', 0, 'fsdfs', 0, '2021-03-22 00:00:00', NULL, NULL),
(15, '123456789@gmail.com', '1234Nuevo', '$2a$10$iLOj8QNa2UpIHLsWvW6/9uTRqsg/T2zNAE6c5hbg.WlWhGhjtQMt2', 0, '2332', 0, '2021-03-22 00:00:00', NULL, NULL),
(19, 'fsfs@gmail.com', 'ZZZZZZZZ', '$2a$10$dv0qxS.YoptUtwoUavN9TuPGmSnztYui0.SZVkoqC0TlseC3H4y7S', 0, 'ew', 0, '2021-04-24 00:00:00', '2021-04-01 00:00:00', NULL),
(20, '111andro@gmail.com', 'AAAA1111', '$2a$10$8JTc.mNZ.wThric7BwuOxeFjXdb6G6e5dj7giMOgvrE81Gp5ZLxlm', 1, 'Nombre1', 0, '2021-04-23 00:00:00', NULL, NULL);

-- --------------------------------------------------------

--
-- Estructura de tabla para la tabla `users_roles`
--

CREATE TABLE `users_roles` (
  `user_id` int(11) NOT NULL,
  `role_id` int(11) NOT NULL
) ENGINE=InnoDB DEFAULT CHARSET=utf8mb4;

--
-- Volcado de datos para la tabla `users_roles`
--

INSERT INTO `users_roles` (`user_id`, `role_id`) VALUES
(1, 1),
(1, 1),
(3, 3),
(4, 2),
(4, 3),
(5, 4),
(7, 4),
(11, 1),
(12, 1),
(13, 1),
(14, 1),
(15, 1),
(19, 1),
(20, 1);

--
-- Índices para tablas volcadas
--

--
-- Indices de la tabla `AVISO`
--
ALTER TABLE `AVISO`
  ADD PRIMARY KEY (`ID_AVISO`),
  ADD KEY `FK_AVISO_ID_USUARIO` (`ID_USUARIO_FK`),
  ADD KEY `FK_AVISO_COD_FREC_REPET` (`COD_FREC_REPETICION_FK`);

--
-- Indices de la tabla `CLIENTE`
--
ALTER TABLE `CLIENTE`
  ADD PRIMARY KEY (`ID_CLIENTE`),
  ADD KEY `ID_TPO_CLIENTE_FK` (`ID_TPO_CLIENTE_FK`);

--
-- Indices de la tabla `EMPLEADO`
--
ALTER TABLE `EMPLEADO`
  ADD PRIMARY KEY (`ID_EMPLEADO`),
  ADD KEY `USUARIO_FK_EMP` (`ID_USUARIO_FK`),
  ADD KEY `FK_EMPLEADO_COD_PAIS` (`ID_COD_PAIS_FK`);

--
-- Indices de la tabla `EMPRESA`
--
ALTER TABLE `EMPRESA`
  ADD PRIMARY KEY (`ID_EMPRESA`);

--
-- Indices de la tabla `FACTURA`
--
ALTER TABLE `FACTURA`
  ADD PRIMARY KEY (`ID_FACTURA`),
  ADD UNIQUE KEY `ID_FACTURA` (`ID_FACTURA`),
  ADD KEY `ID_CLIENTE_FK` (`ID_CLIENTE_FK`),
  ADD KEY `ID_FOR_PAGO_FK` (`ID_FOR_PAGO_FK`),
  ADD KEY `FK_FACTURA_COD_SIT_FACTU` (`COD_SIT_FACTURA_FK`);

--
-- Indices de la tabla `FACTURACION_PROYECTO`
--
ALTER TABLE `FACTURACION_PROYECTO`
  ADD PRIMARY KEY (`ID_FACTURACION_MES`);

--
-- Indices de la tabla `FACTURA_LINEAS`
--
ALTER TABLE `FACTURA_LINEAS`
  ADD PRIMARY KEY (`ID_LIN_FACTURA`),
  ADD KEY `FK_FAC_LIN_ID_FACTU` (`ID_FACTURA_FK`);

--
-- Indices de la tabla `FACTURA_SITUACION`
--
ALTER TABLE `FACTURA_SITUACION`
  ADD PRIMARY KEY (`COD_SIT_FACTURA`);

--
-- Indices de la tabla `FORMA_PAGO`
--
ALTER TABLE `FORMA_PAGO`
  ADD PRIMARY KEY (`ID_FOR_PAGO`);

--
-- Indices de la tabla `MENU`
--
ALTER TABLE `MENU`
  ADD PRIMARY KEY (`ID_MENU`);

--
-- Indices de la tabla `MENUS_USUARIO`
--
ALTER TABLE `MENUS_USUARIO`
  ADD PRIMARY KEY (`ID_MENU`),
  ADD KEY `FK_MEN_USU_COD_NIV_1` (`COD_NIVEL_1_FK`),
  ADD KEY `FK_MEN_USU_COD_NIV_2` (`COD_NIVEL_2_FK`);

--
-- Indices de la tabla `PAIS`
--
ALTER TABLE `PAIS`
  ADD PRIMARY KEY (`ID`);

--
-- Indices de la tabla `persona`
--
ALTER TABLE `persona`
  ADD PRIMARY KEY (`nombre`);

--
-- Indices de la tabla `products`
--
ALTER TABLE `products`
  ADD PRIMARY KEY (`id`);

--
-- Indices de la tabla `PROVINCIA`
--
ALTER TABLE `PROVINCIA`
  ADD PRIMARY KEY (`ID_PROVINCIA`);

--
-- Indices de la tabla `PROYECTO`
--
ALTER TABLE `PROYECTO`
  ADD PRIMARY KEY (`ID_PROYECTO`);

--
-- Indices de la tabla `PROYECTO_FACTURACION_MES`
--
ALTER TABLE `PROYECTO_FACTURACION_MES`
  ADD PRIMARY KEY (`ID_PROYECTO_FAC_MES`),
  ADD KEY `FK_AVISO_ID_PROYECTO` (`ID_PROYECTO_FK`);

--
-- Indices de la tabla `PUESTO_TRABAJO`
--
ALTER TABLE `PUESTO_TRABAJO`
  ADD PRIMARY KEY (`ID_PUESTO_TRABAJO`);

--
-- Indices de la tabla `roles`
--
ALTER TABLE `roles`
  ADD PRIMARY KEY (`role_id`);

--
-- Indices de la tabla `SUBMENU_NIVEL_1`
--
ALTER TABLE `SUBMENU_NIVEL_1`
  ADD PRIMARY KEY (`ID_SUBMENU_NIVEL_1`),
  ADD KEY `FK_SUBMENU_NIV1_ID_MENU` (`ID_MENU_FK`);

--
-- Indices de la tabla `SUBMENU_NIVEL_2`
--
ALTER TABLE `SUBMENU_NIVEL_2`
  ADD PRIMARY KEY (`ID_SUBMENU_NIVEL_2`),
  ADD KEY `MENU_NIVEL2_IDMENU_FK` (`ID_SUBMENU_NIVEL_1_FK`);

--
-- Indices de la tabla `TPO_CLIENTE`
--
ALTER TABLE `TPO_CLIENTE`
  ADD PRIMARY KEY (`ID_TPO_CLIENTE`);

--
-- Indices de la tabla `TPO_FRECU_REPETICION`
--
ALTER TABLE `TPO_FRECU_REPETICION`
  ADD PRIMARY KEY (`ID_FRECU_REPETICION`);

--
-- Indices de la tabla `users`
--
ALTER TABLE `users`
  ADD PRIMARY KEY (`user_id`),
  ADD UNIQUE KEY `email_UNIQUE` (`email`),
  ADD KEY `EMPLEADO_IDEMPLEADO_FK` (`idempleadofk`);

--
-- AUTO_INCREMENT de las tablas volcadas
--

--
-- AUTO_INCREMENT de la tabla `EMPLEADO`
--
ALTER TABLE `EMPLEADO`
  MODIFY `ID_EMPLEADO` int(11) NOT NULL AUTO_INCREMENT, AUTO_INCREMENT=70;

--
-- AUTO_INCREMENT de la tabla `EMPRESA`
--
ALTER TABLE `EMPRESA`
  MODIFY `ID_EMPRESA` int(11) NOT NULL AUTO_INCREMENT, AUTO_INCREMENT=15;

--
-- AUTO_INCREMENT de la tabla `FACTURACION_PROYECTO`
--
ALTER TABLE `FACTURACION_PROYECTO`
  MODIFY `ID_FACTURACION_MES` int(11) NOT NULL AUTO_INCREMENT COMMENT 'Indice Unico de Factuacion', AUTO_INCREMENT=3;

--
-- AUTO_INCREMENT de la tabla `FACTURA_SITUACION`
--
ALTER TABLE `FACTURA_SITUACION`
  MODIFY `COD_SIT_FACTURA` int(11) NOT NULL AUTO_INCREMENT COMMENT 'Codigo de situacion de una factura', AUTO_INCREMENT=3;

--
-- AUTO_INCREMENT de la tabla `MENU`
--
ALTER TABLE `MENU`
  MODIFY `ID_MENU` int(11) NOT NULL AUTO_INCREMENT COMMENT 'Identificador unico de registro Menu', AUTO_INCREMENT=22;

--
-- AUTO_INCREMENT de la tabla `MENUS_USUARIO`
--
ALTER TABLE `MENUS_USUARIO`
  MODIFY `ID_MENU` int(11) NOT NULL AUTO_INCREMENT COMMENT 'Identificador unico de menu', AUTO_INCREMENT=212;

--
-- AUTO_INCREMENT de la tabla `PAIS`
--
ALTER TABLE `PAIS`
  MODIFY `ID` int(11) NOT NULL AUTO_INCREMENT, AUTO_INCREMENT=241;

--
-- AUTO_INCREMENT de la tabla `PROVINCIA`
--
ALTER TABLE `PROVINCIA`
  MODIFY `ID_PROVINCIA` smallint(6) NOT NULL AUTO_INCREMENT, AUTO_INCREMENT=53;

--
-- AUTO_INCREMENT de la tabla `PROYECTO`
--
ALTER TABLE `PROYECTO`
  MODIFY `ID_PROYECTO` int(11) NOT NULL AUTO_INCREMENT, AUTO_INCREMENT=3;

--
-- AUTO_INCREMENT de la tabla `PROYECTO_FACTURACION_MES`
--
ALTER TABLE `PROYECTO_FACTURACION_MES`
  MODIFY `ID_PROYECTO_FAC_MES` int(11) NOT NULL AUTO_INCREMENT, AUTO_INCREMENT=3;

--
-- AUTO_INCREMENT de la tabla `PUESTO_TRABAJO`
--
ALTER TABLE `PUESTO_TRABAJO`
  MODIFY `ID_PUESTO_TRABAJO` int(11) NOT NULL AUTO_INCREMENT, AUTO_INCREMENT=7;

--
-- AUTO_INCREMENT de la tabla `roles`
--
ALTER TABLE `roles`
  MODIFY `role_id` int(11) NOT NULL AUTO_INCREMENT, AUTO_INCREMENT=5;

--
-- AUTO_INCREMENT de la tabla `SUBMENU_NIVEL_1`
--
ALTER TABLE `SUBMENU_NIVEL_1`
  MODIFY `ID_SUBMENU_NIVEL_1` int(11) NOT NULL AUTO_INCREMENT, AUTO_INCREMENT=19;

--
-- AUTO_INCREMENT de la tabla `users`
--
ALTER TABLE `users`
  MODIFY `user_id` int(11) NOT NULL AUTO_INCREMENT COMMENT 'Identificador unico de usuario', AUTO_INCREMENT=21;

--
-- Restricciones para tablas volcadas
--

--
-- Filtros para la tabla `EMPLEADO`
--
ALTER TABLE `EMPLEADO`
  ADD CONSTRAINT `FK_EMPLEADO_COD_PAIS` FOREIGN KEY (`ID_COD_PAIS_FK`) REFERENCES `pais` (`id`),
  ADD CONSTRAINT `USUARIO_FK_EMP` FOREIGN KEY (`ID_USUARIO_FK`) REFERENCES `users` (`user_id`);

--
-- Filtros para la tabla `FACTURA`
--
ALTER TABLE `FACTURA`
  ADD CONSTRAINT `FK_FACTURA_COD_SIT_FACTU` FOREIGN KEY (`COD_SIT_FACTURA_FK`) REFERENCES `FACTURA_SITUACION` (`COD_SIT_FACTURA`);

--
-- Filtros para la tabla `FACTURA_LINEAS`
--
ALTER TABLE `FACTURA_LINEAS`
  ADD CONSTRAINT `FK_FAC_LIN_ID_FACTU` FOREIGN KEY (`ID_FACTURA_FK`) REFERENCES `FACTURA` (`ID_FACTURA`);

--
-- Filtros para la tabla `PROYECTO_FACTURACION_MES`
--
ALTER TABLE `PROYECTO_FACTURACION_MES`
  ADD CONSTRAINT `FK_AVISO_ID_PROYECTO` FOREIGN KEY (`ID_PROYECTO_FK`) REFERENCES `PROYECTO` (`ID_PROYECTO`);

--
-- Filtros para la tabla `SUBMENU_NIVEL_1`
--
ALTER TABLE `SUBMENU_NIVEL_1`
  ADD CONSTRAINT `FK_SUBMENU_NIV1_ID_MENU` FOREIGN KEY (`ID_MENU_FK`) REFERENCES `MENU` (`ID_MENU`);

--
-- Filtros para la tabla `users`
--
ALTER TABLE `users`
  ADD CONSTRAINT `EMPLEADO_IDEMPLEADO_FK` FOREIGN KEY (`idempleadofk`) REFERENCES `EMPLEADO` (`ID_EMPLEADO`);
COMMIT;

/*!40101 SET CHARACTER_SET_CLIENT=@OLD_CHARACTER_SET_CLIENT */;
/*!40101 SET CHARACTER_SET_RESULTS=@OLD_CHARACTER_SET_RESULTS */;
/*!40101 SET COLLATION_CONNECTION=@OLD_COLLATION_CONNECTION */;
